English,Root (to verb),Hebrew,Present Singular,Hebrew,Present Plural,Hebrew,,Past,,,,,,,,,,,,,,,,,,,
,,,"Ani, Ata/Hoo | At/Hee",,"Atem/Hem, Aten/Hen | Anachnu",,,Ani,Hebrew,Ata,Hebrew,At,Hebrew,Atem,Hebrew,Aten,Hebrew,Hem,Hebrew,Hen,Hebrew,Hoo,Hebrew,Hee,Hebrew,Anachnu,Hebrew
Agree,Le-haskim,לְהַסְכִּים,Maskim/Maskima,מַסְכִּים/מַסְכִּימָה,Maskimim/Maskimot,מַסְכִּימִים/מַסְכִּימוֹת,Agree,Hiskamti,הִסְכַּמְתִּי,Hiskamta,הִסְכַּמְתָּ,Hiskamt,הִסְכַּמְתְּ,Hiskamtem,הִסְכַּמְתֶּם,Hiskamten,הִסְכַּמְתֶּן,Hiskimu,הִסְכִּימוּ,Hiskimu,הִסְכִּימוּ,Hiskim,הִסְכִּים,Hiskima,הִסְכִּימָה,Hiskamnu,הִסְכַּמְנוּ
Answer,La-anot,לַעֲנוֹת,One/Ona,עוֹנֶה/עוֹנָה,Onim/Onot,עוֹנִים/עוֹנוֹת,Answer,Aniti,עָנִיתִי,Anita,עָנִיתָ,Anit,עָנִית,Anitem,עֲנִיתֶם,Aniten,עֲנִיתֶן,Anu,עָנוּ,Anu,עָנוּ,Ana,עָנָה,Aneta,עָנְתָה,Aninu,עָנִינוּ
Arrange,Le-sader,לְסַדֵּר,Mesader/Mesaderet,מְסַדֵּר/מְסַדֶּרֶת,Mesadrim/Mesadrot,מְסַדְּרִים/מְסַדְּרוֹת,Arrange,Sidarti,סִדַּרְתִּי,Sidarta,סִדַּרְתָּ,Sidart,סִדַּרְתְּ,Sidartem,סִדַּרְתֶּם,Sidarten,סִדַּרְתֶּן,Sidru,סִדְּרוּ,Sidru,סִדְּרוּ,Sider,סִדֵּר,Sidra,סִדְּרָה,Sidarnu,סִדַּרְנוּ
Ask (pt. 1),Li-shol,לִשְׁאֹל,Shoel/Shoelet,שׁוֹאֵל/שׁוֹאֶלֶת,Shoalim/Shoalot,שׁוֹאֲלִים/שׁוֹאֲלוֹת,Ask (pt. 1),Shalti,שָׁאַלְתִּי,Shalta,שָׁאַלְתָּ,Shalt,שָׁאַלְתְּ,Shaltem,שְׁאַלְתֶּם,Shalten,שְׁאַלְתֶּן,Shalu,שָׁאֲלוּ,Shalu,שָׁאֲלוּ,Shaal,שָׁאַל,Shaala,שָׁאֲלָה,Shaalnu,שָׁאַלְנוּ
Ask/Request (pt. 2),Levakesh,לְבַקֵּשׁ,Mevakesh/Mevakeshet,מְבַקֵּשׁ/מְבַקֶּשֶׁת,Mevakshim/Mevakshot,מְבַקְּשִׁים/מְבַקְּשׁוֹת,Ask/Request (pt. 2),Bikashti,בִּקַּשְׁתִּי,Bikashta,בִּקַּשְׁתָּ,Bikasht,בִּקַּשְׁתְּ,Bikashtem,בִּקַּשְׁתֶּם,Bikashten,בִּקַּשְׁתֶּן,Bikshu,בִּקְּשׁוּ,Bikshu,בִּקְּשׁוּ,Bikesh,בִּקֵּשׁ,Biksha,בִּקְּשָׁה,Bikasנו,בִּקַּשְׁנוּ
Bake,Le-e-fot,לֶאֱפוֹת,Ofe/Ofa,אוֹפֶה/אוֹפָה,Ofim/Ofot,אוֹפִים/אוֹפוֹת,Bake,Afiti,אָפִיתִי,Afita,אָפִיתָ,Afit,אָפִית,Afitem,אֲפִיתֶם,Afiten,אֲפִיתֶן,Afו,אָפוּ,Afu,אָפוּ,Afa,אָפָה,Afta,אָפְתָה,Afinu,אָפִינוּ
Bark,Lin-boach,לִנְבּוֹחַ,Noveach/Novachat,נוֹבֵחַ/נוֹבַחַת,Novchim/Novchot,נוֹבְחִים/נוֹבְחוֹת,Bark,Navachti,נָבַחְתִּי,Navachta,נָבַחְתָּ,Navacht,נָבַחְתְּ,Navachtem,נְבַחְתֶּם,Navachten,נְבַחְתֶּן,Navchu,נָבְחוּ,Navchu,נָבְחוּ,Navach,נָבַח,Navcha,נָבְחָה,Navachnu,נָבַחְנוּ
Be,Li-hiot,לִהְיוֹת,,,,,Be,Hayiti,הָיִיתִי,Hayita,הָיִיתָ,Hayit,הָיִית,Hayitem,הֱיִיתֶם,Hayiten,הֱיִיתֶן,Hayu,הָיוּ,Hayu,הָיוּ,Haya,הָיָה,Hayta,הָיְתָה,Hayinu,הָיִינוּ
Be Able To,Li-hyot mesugal,לִהְיוֹת מְסֻגָּל,Yachol/Yeholah,יָכוֹל/יְכוֹלָה,Yecholim/Yecholot,יְכוֹלִים/יְכוֹלוֹת,Be Able To,Hayiti mesugal,הָיִיתִי מְסֻגָּל,Hayita mesugal,הָיִיתָ מְסֻגָּל,Hayit mesugelet,הָיִית מְסֻגֶּלֶת,Hayitem mesugalim,הֱיִיתֶם מְסֻגָּלִים,Hayiten mesugalot,הֱיִיתֶן מְסֻגָּלוֹת,Hayu mesugalim,הָיוּ מְסֻגָּלִים,Hayu mesugalot,הָיוּ מְסֻגָּלוֹת,Haya mesugal,הָיָה מְסֻגָּל,Hayta mesugelet,הָיְתָה מְסֻגֶּלֶת,Hayinu mesugalim,הָיִינוּ מְסֻגָּלִים
Become,La-afoch,לַהֲפוֹךְ,Hofech/Hofechet,הוֹפֵךְ/הוֹפֶכֶת,Hofchim/Hofchot,הוֹפְכִים/הוֹפְכוֹת,Become,Hafachti,הָפַכְתִּי,Hafachta,הָפַכְתָּ,Hafacht,הָפַכְתְּ,Hafachtem,הֲפַכְתֶּם,Hafachten,הֲפַכְתֶּן,Hafchu,הָפְכוּ,Hafchu,הָפְכוּ,Hafach,הָפַךְ,Hafcha,הָפְכָה,Hafachnu,הָפַכְנוּ
Begin,Le-hatchil,לְהַתְחִיל,Matchil/Matchila,מַתְחִיל/מַתְחִילָה,Matchilim/Matchilot,מַתְחִילִים/מַתְחִילוֹת,Begin,Hitchalti,הִתְחַלְתִּי,Hitchalta,הִתְחַלְתָּ,Hitchalt,הִתְחַלְתְּ,Hitchaltem,הִתְחַלְתֶּם,Hitchalten,הִתְחַלְתֶּן,Hitchilu,הִתְחִילוּ,Hitchilu,הִתְחִילוּ,Hitchil,הִתְחִיל,Hitchila,הִתְחִילָה,Hitchalnu,הִתְחַלְנוּ
Believe,Le-haamin,לְהַאֲמִין,Maamin/Maamina,מַאֲמִין/מַאֲמִינָה,Maaminim/Maaminot,מַאֲמִינִים/מַאֲמִינוֹת,Believe,He'emanti,הֶאֱמַנְתִּי,He'emanta,הֶאֱמַנְתָּ,He'emant,הֶאֱמַנְתְּ,He'emantem,הֶאֱמַנְתֶּם,He'emanten,הֶאֱמַנְתֶּן,He'eminu,הֶאֱמִינוּ,He'eminu,הֶאֱמִינוּ,He'emin,הֶאֱמִין,He'emina,הֶאֱמִינָה,He'emannu,הֶאֱמַנּוּ
Bloom/Blossom,Lif-roach,לִפְרֹחַ,Poreach/Poreachat,פּוֹרֵחַ/פּוֹרַחַת,Porchim/Porchot,פּוֹרְחִים/פּוֹרְחוֹת,Bloom/Blossom,Parachti,פָּרַחְתִּי,Parachta,פָּרַחְתָּ,Paracht,פָּרַחְתְּ,Parachtem,פְּרַחְתֶּם,Parachten,פְּרַחְתֶּן,Parchu,פָּרְחוּ,Parchu,פָּרְחוּ,Parach,פָּרַח,Parcha,פָּרְחָה,Parachnu,פָּרַחְנוּ
Break,Lish-bor,לִשְׁבּוֹר,Shover/Shoveret,שׁוֹבֵר/שׁוֹבֶרֶת,Shovrim/Shovrot,שׁוֹבְרִים/שׁוֹבְרוֹת,Break,Shavarti,שָׁבַרְתִּי,Shavarta,שָׁבַרְתָּ,Shavart,שָׁבַרְתְּ,Shavartem,שְׁבַרְתֶּם,Shavarten,שְׁבַרְתֶּן,Shavru,שָׁבְרוּ,Shavru,שָׁבְרוּ,Shavar,שָׁבַר,Shavra,שָׁבְרָה,Shavarnu,שָׁבַרְנוּ
Bring,Le-havi,לְהָבִיא,Mevi/Mevia,מֵבִיא/מֵבִיאָה,Mevi'im/Mevi'ot,מְבִיאִים/מְבִיאוֹת,Bring,Heveti,הֵבֵאתִי,Heveta,הֵבֵאתָ,Hevet,הֵבֵאת,Hevetem,הֲבֵאתֶם,Heveten,הֲבֵאתֶן,Hevi'u,הֵבִיאוּ,Hevi'u,הֵבִיאוּ,Hevi,הֵבִיא,Hevia,הֵבִיאָה,Hevenu,הֵבֵאנוּ
Build,Liv-not,לִבְנוֹת,Bone/Bona,בּוֹנֶה/בּוֹנָה,Bonim/Bonot,בּוֹנִים/בּוֹנוֹת,Build,Baniti,בָּנִיתִי,Banita,בָּנִיתָ,Banit,בָּנִית,Banitem,בְּנִיתֶם,Baniten,בְּנִיתֶן,Banu,בָּנוּ,Banu,בָּנוּ,Bana,בָּנָה,Banta,בָּנְתָה,Baninu,בָּנִינוּ
Buy,Lik-not,לִקְנוֹת,Kone/Kona,קוֹנֶה/קוֹנָה,Konim/Konot,קוֹנִים/קוֹנוֹת,Buy,Kaniti,קָנִיתִי,Kanita,קָנִיתָ,Kanit,קָנִית,Kanitem,קְנִיתֶם,Kaniten,קְנִיתֶן,Kanu,קָנוּ,Kanu,קָנוּ,Kana,קָנָה,Kanta,קָנְתָה,Kaninu,קָנִינוּ
Calculate,Le-chashev,לְחַשֵּׁב,Mechashev/Mechashevet,מְחַשֵּׁב/מְחַשֶּׁבֶת,Mechashvim/Mechashvot,מְחַשְּׁבִים/מְחַשְּׁבוֹת,Calculate,Chishavti,חִשַּׁבְתִּי,Chashavta,חִשַּׁבְתָּ,Chashavt,חִשַּׁבְתְּ,Chashavtem,חִשַּׁבְתֶּם,Chashavten,חִשַּׁבְתֶּן,Chishvu,חִשְּׁבוּ,Chishvu,חִשְּׁבוּ,Chishev,חִשֵּׁב,Chishva,חִשְּׁבָה,Chishavnu,חִשַּׁבְנוּ
Catch,Lit-pos,לתפוס,Tofes/Tofeset,תּוֹפֵשׂ/תּוֹפֶשֶׂת,Tofsim/Tofsot,תּוֹפְשִׂים/תּוֹפְשׂוֹת,Catch,Tafasti,תָּפַסְתִּי,Tafasta,תָּפַסְתָּ,Tafast,תָּפַסְתְּ,Tefastem,תְּפַסְתֶּם,Tefasten,תְּפַסְתֶּן,Tafsu,תָּפְסוּ,Tafsu,תָּפְסוּ,Tafas,תָּפַס,Tafsa,תָּפְסָה,Tafasnu,תָּפַסְנוּ
Change,Le-shanot,לְשַׁנּוֹת,Meshaneh/Meshanah,מְשַׁנֶּה/מְשַׁנָּה,Meshanim/Meshanot,מְשַׁנִּים/מְשַׁנּוֹת,Change,Shinיתי,שִׁנִּיתִי,Shinita,שִׁנִּיתָ,Shinit,שִׁנִּית,Shinitem,שִׁנִּיתֶם,Shinitem,שִׁנִּיתֶן,Shinu,שִׁנּוּ,Shinu,שִׁנּוּ,Shina,שִׁנָּה,Shinta,שִׁנְּתָה,Shininu,שִׁנִּינוּ
Check,Lif-dok,לִבְדּוֹק,Bodek/Bodeket,בּוֹדֵק/בּוֹדֶקֶת,Bodkim/Bodkot,בּוֹדְקִים/בּוֹדְקוֹת,Check,Badakti,בָּדַקְתִּי,Badakta,בָּדַקְתָּ,Badakt,בָּדַקְתְּ,Badaktem,בְּדַקְתֶּם,Badakten,בְּדַקְתֶּן,Badku,בָּדְקוּ,Badku,בָּדְקוּ,Badak,בָּדַק,Badka,בָּדְקָה,Badaknu,בָּדַקְנוּ
Choose,Livchor,לִבְחוֹר,Bocher/Bocheret,בּוֹחֵר/בּוֹחֶרֶת,Bocher/Bochrot,בּוֹחֲרִים/בּוֹחֲרוֹת,Choose,Bacharti,בָּחַרְתִּי,Bacharta,בָּחַרְתָּ,Bachart,בָּחַרְתְּ,Bachartem,בְּחַרְתֶּם,Bacharten,בְּחַרְתֶּן,Bachru,בָּחֲרוּ,Bachru,בָּחֲרוּ,Bachar,בָּחַר,Bachra,בָּחֲרָה,Bacharnu,בָּחַרְנוּ
Close,Lis-gor,לִסְגּוֹר,Soger/Sogeret,סוֹגֵר/סוֹגֶרֶת,Sogrim/Sogrot,סוֹגְרִים/סוֹגְרוֹת,Close,Sagarti,סָגַרְתִּי,Sagarta,סָגַרְתָּ,Sagart,סָגַרְתְּ,Sagartem,סְגַרְתֶּם,Sagarten,סְגַרְתֶּן,Sagru,סָגְרוּ,Sagru,סָגְרוּ,Sagar,סָגַר,Sagra,סָגְרָה,Sagarnu,סָגַרְנוּ
Color,Litz-bo-a,לִצְבֹּעַ,Tzovea/Tzoveat,צוֹבֵעַ/צוֹבַעַת,Tzovim/Tzovot,צוֹבְעִים/צוֹבְעוֹת,Color,Tziviti,צִבַּעְתִּי,Tzivata,צִבַּעְתָּ,Tzivat,צִבַּעְתְּ,Tzivatem,צִבַּעְתֶּם,Tzivaten,צִבַּעְתֶּן,Tziv'u,צִבְּעוּ,Tziv'u,צִבְּעוּ,Tzivea,צִבֵּעַ,Tziv'a,צִבְּעָה,Tzivanu,צִבַּעְנוּ
Come,La-vo,לָבוֹא,Ba/Ba-a,בָּא/בָּאָה,Baim/Baot,בָּאִים/בָּאוֹת,Come,Bati,בָּאתִי,Bata,בָּאתָ,Bat,בָּאת,Batem,בָּאתֶם,Baten,בָּאתֶן,Bau,בָּאוּ,Bau,בָּאוּ,Ba,בָּא,Ba'a,בָּאָה,Banu,בָּאנוּ
Consider,Lish-kol,לִשְׁקוֹל,Shokel/Shokelet,שׁוֹקֵל/שׁוֹקֶלֶת,Shoklim/Shoklot,שׁוֹקְלִים/שׁוֹקְלוֹת,Consider,Shakaltתי,שָׁקַלְתִּי,Shakalta,שָׁקַלְתָּ,Shakalt,שָׁקַלְתְּ,Shakaltem,שְׁקַלְתֶּם,Shakalten,שְׁקַלְתֶּן,Shaklu,שָׁקְלוּ,Shaklu,שָׁקְלוּ,Shakal,שָׁקַל,Shakla,שָׁקְלָה,Shakalnu,שָׁקַלְנוּ
Continue,Le-hamshich,לְהַמְשִׁיךְ,Mamshich/Mamshicha,מַמְשִׁיךְ/מַמְשִׁיכָה,Mamshichim/Mamshichot,מַמְשִׁיכִים/מַמְשִׁיכוֹת,Continue,Himshachti,הִמְשַׁכְתִּי,Himshachta,הִמְשַׁכְתָּ,Himshacht,הִמְשַׁכְתְּ,Himshachtem,הִמְשַׁכְתֶּם,Himshachten,הִמְשַׁכְתֶּן,Himshichu,הִמְשִׁיכוּ,Himshichu,הִמְשִׁיכוּ,Himshich,הִמְשִׁיךְ,Himshicha,הִמְשִׁיכָה,Himshachnu,הִמְשַׁכְנוּ
Cook,Le-vashel,לְבַשֵּׁל,Mevashel/Mevashelet,מְבַשֵּׁל/מְבַשֶּׁלֶת,Mevashlim/Mevashlot,מְבַשְּׁלִים/מְבַשְּׁלוֹת,Cook,Bishalti,בִּשַּׁלְתִּי,Bishalta,בִּשַּׁלְתָּ,Bishalt,בִּשַּׁלְתְּ,Bishaltem,בִּשַּׁלְתֶּם,Bishalten,בִּשַּׁלְתֶּן,Bishlu,בִּשְּׁלוּ,Bishlu,בִּשְּׁלוּ,Bishel,בִּשֵּׁל,Bishla,בִּשְּׁלָה,Bishalnu,בִּשַּׁלְנוּ
Create,Li-tzor,לִיצוֹר,Yotzer/Yotzeret,יוֹצֵר/יוֹצֶרֶת,Yotzrim/Yotzrot,יוֹצְרִים/יוֹצְרוֹת,Create,Yatzarti,יָצַרְתִּי,Yatzarta,יָצַרְתָּ,Yatzart,יָצַרְתְּ,Yatzartem,יְצַרְתֶּם,Yatzarten,יְצַרְתֶּן,Yatzru,יָצְרוּ,Yatzru,יָצְרוּ,Yatzar,יָצַר,Yatzra,יָצְרָה,Yatzarnu,יָצַרְנוּ
Cry,Liv-kot,לִבְכּוֹת,Boche/Bocha,בּוֹכֶה/בּוֹכָה,Boch im/Bochot,בּוֹכִים/בּוֹכוֹת,Cry,Bachiti,בָּכִיתִי,Bachita,בָּכִיתָ,Bachit,בָּכִית,Bachitem,בְּכִיתֶם,Bachiten,בְּכִיתֶן,Bachu,בָּכוּ,Bachu,בָּכוּ,Bacha,בָּכָה,Bachta,בָּכְתָה,Bachinu,בָּכִינוּ
Cuddle,Lefanek,לְפַנֵּק,Mefanek/Mefaneket,מְפַנֵּק/מְפַנֶּקֶת,Mefankim/Mefankot,מְפַנְּקִים/מְפַנְּקוֹת,Cuddle,Chibakti,חִבַּקְתִּי,Chibakta,חִבַּקְתָּ,Chibakt,חִבַּקְתְּ,Chibaktem,חִבַּקְתֶּם,Chibakten,חִבַּקְתֶּן,Chibku,חִבְּקוּ,Chibku,חִבְּקוּ,Chibek,חִבֵּק,Chibka,חִבְּקָה,Chibaknu,חִבַּקְנוּ
Cut,Lachtoch,לַחְתּוֹךְ,Chotech/Chotechet,חוֹתֵךְ/חוֹתֶכֶת,Chotchim/Chotchot,חוֹתְכִים/חוֹתְכוֹת,Cut,Chatachti,חָתַכְתִּי,Chatachta,חָתַכְתָּ,Chatacht,חָתַכְתְּ,Chatachem,חֲתַכְתֶּם,Chatachten,חֲתַכְתֶּן,Chatְchu,חָתְכוּ,Chatchu,חָתְכוּ,Chatach,חָתַךְ,Chatkha,חָתְכָה,Chataknu,חָתַכְנוּ
Dance,Lir-kod,לִרְקוֹד,Roked/Rokedet,רוֹקֵד/רוֹקֶדֶת,Rokdim/Rokdot,רוֹקְדִים/רוֹקְדוֹת,Dance,Rakadti,רָקַדְתִּי,Rakadata,רָקַדְתָּ,Rakadt,רָקַדְתְּ,Rakadtem,רָקַדְתֶּם,Rakadten,רָקַדְתֶּן,Rakdu,רָקְדוּ,Rakdu,רָקְדוּ,Rakad,רָקַד,Rakda,רָקְדָה,Rakadnu,רָקַדְנוּ
Divide,Le-chalek,לְחַלֵּק,Mechalek/Mechaleket,מְחַלֵּק/מְחַלֶּקֶת,Mechalkim/Mechalkot,מְחַלְּקִים/מְחַלְּקוֹת,Divide,Chilakti,חִלַּקְתִּי,Chilakta,חִלַּקְתָּ,Chilakt,חִלַּקְתְּ,Chilaktem,חִלַּקְתֶּם,Chilakten,חִלַּקְתֶּן,Chilku,חִלְּקוּ,Chilku,חִלְּקוּ,Chilek,חִלֵּק,Chilka,חִלְּקָה,Chilaknu,חִלַּקְנוּ
Do/Make,La-a-sot,לַעֲשׂוֹת,Ose/Osa,עוֹשֶׂה/עוֹשָׂה,Osim/Osot,עוֹשִׂים/עוֹשׂוֹת,Do/Make,Asiti,עָשִׂיתִי,Asita,עָשִׂיתָ,Asit,עָשִׂית,Asitem,עֲשִׂיתֶם,Asiten,עֲשִׂיתֶן,Asu,עָשׂוּ,Asu,עָשׂוּ,Asa,עָשָׂה,Asta,עָשְׂתָה,Asinu,עָשִׂינוּ
Drink,Lish-tot,לִשְׁתּוֹת,Shote/Shota,שׁוֹתֶה/שׁוֹתָה,Shotim/Shotot,שׁוֹתִים/שׁוֹתוֹת,Drink,Shatiti,שָׁתִיתִי,Shatita,שָׁתִיתָ,Shatit,שָׁתִית,Shatitem,שְׁתִיתֶם,Shatiten,שְׁתִיתֶן,Shatu,שָׁתוּ,Shatu,שָׁתוּ,Shata,שָׁתָה,Shata,שָׁתְתָה,Shatinu,שָׁתִינוּ
Eat,Le-e-chol,לֶאֱכוֹל,Ochel/Ochelet,אוֹכֵל/אוֹכֶלֶת,Ochlim/Ochlot,אוֹכְלִים/אוֹכְלוֹת,Eat,Achalti,אָכַלְתִּי,Achalta,אָכַלְתָּ,Achalt,אָכַלְתְּ,Achaltem,אֲכַלְתֶּם,Achalten,אֲכַלְתֶּן,Achlu,אָכְלוּ,Achlu,אָכְלוּ,Achal,אָכַל,Achla,אָכְלָה,Achalnu,אָכַלְנוּ
Enjoy,Le-henot,לֵיהָנוֹת,Nehene/Nehenet,נֶהֱנֶה/נֶהֱנֵית,Nehenim/Nehenot,נֶהֱנִים/נֶהֱנוֹת,Enjoy,Heneti,הֵנֵיתִי,Heneta,הֵנֵיתָ,Henet,הֵנֵית,Henetem,הֱנֵיתֶם,Heneten,הֱנֵיתֶן,Henu,הֵנוּ,Henu,הֵנוּ,Hene,הֵנָה,Henta,הֵנְתָה,Heninu,הֵנֵינוּ
Exit/Go out,Lat-zet,לָצֵאת,Yotze/Yotzet,יוֹצֵא/יוֹצֵאת,Yotzim/Yotzot,יוֹצְאִים/יוֹצְאוֹת,Exit/Go out,Yatzati,יָצָאתִי,Yatzata,יָצָאתָ,Yatzat,יָצָאת,Yetzatem,יְצָאתֶם,Yetzaten,יְצָאתֶן,Yatzu,יָצְאוּ,Yatzu,יָצְאוּ,Yatza,יָצָא,Yatza,יָצְאָה,Yatzanu,יָצָאנוּ
Explain,Le-hasbir,לְהַסְבִּיר,Masbir/Masbira,מַסְבִּיר/מַסְבִּירָה,Masbirim/Masbirot,מַסְבִּירִים/מַסְבִּירוֹת,Explain,Hisbarti,הִסְבַּרְתִּי,Hisbarta,הִסְבַּרְתָּ,Hisbart,הִסְבַּרְתְּ,Hisbartem,הִסְבַּרְתֶּם,Hisbarten,הִסְבַּרְתֶּן,Hisbiru,הִסְבִּירוּ,Hisbירו,הִסְבִּירוּ,Hisbir,הִסְבִּיר,Hisbira,הִסְבִּירָה,Hisbarnu,הִסְבַּרְנוּ
Fall,Li-pol,לִפּוֹל,Nofel/Nofelet,נוֹפֵל/נוֹפֶלֶת,Noflim/Noflot,נוֹפְלִים/נוֹפְלוֹת,Fall,Nafalti,נָפַלְתִּי,Nafalta,נָפַלְתָּ,Nafalt,נָפַלְתְּ,Nafaltem,נְפַלְתֶּם,Nafalten,נְפַלְתֶּן,Naflu,נָפְלוּ,Naflu,נָפְלוּ,Nafal,נָפַל,Nafla,נָפְלָה,Nafalnu,נָפַלְנוּ
Feel,Le-hargish,לְהַרְגִּישׁ,Margish/Margisha,מַרְגִּישׁ/מַרְגִּישָׁה,Margishim/Margishot,מַרְגִּישִׁים/מַרְגִּישׁוֹת,Feel,Hirgashתי,הִרְגַּשְׁתִּי,Hirgashτα,הִרְגַּשְׁתָּ,Hirgashת,הִרְגַּשְׁתְּ,Hirgashتم,הִרְגַּשְׁתֶּם,Hirgashten,הִרְגַּשְׁתֶּן,Hirgishu,הִרְגִּישׁוּ,Hirgishu,הִרְגִּישׁוּ,Hirgish,הִרְגִּישׁ,Hirgisha,הִרְגִּישָׁה,Hirgashnu,הִרְגַּשְׁנוּ
Find,Lim-tzo,לִמְצוֹא,Motzeh/Motzet,מוֹצֵא/מוֹצֵאת,Motzim/Motzot,מוֹצְאִים/מוֹצְאוֹת,Find,Matzati,מָצָאתִי,Matzata,מָצָאתָ,Matzat,מָצָאת,Matzatem,מְצָאתֶם,Matzaten,מְצָאתֶן,Matz'u,מָצְאוּ,Matz'u,מָצְאוּ,Matzא,מָצָא,Matz'a,מָצְאָה,Matzanu,מָצָאנוּ
Find Out/Discover,Le-galot,לְגַלּוֹת,Megaleh/Megalah,מְגַלֶּה/מְגַלָּה,Megalim/Megalot,מְגַלִּים/מְגַלּוֹת,Find Out/Discover,Giliti,גִּלִּיתִי,Gilita,גִּלִּיתָ,Gilit,גִּלִּית,Gilitem,גִּלִּיתֶם,Giliten,גִּלִּיתֶן,Gilu,גִּלּוּ,Gilu,גִּלּוּ,Gila,גִּלָּה,Gilta,גִּלְּתָה,Gilinu,גִּלִּינוּ
Finish,Lig-mor,לִגְמֹר,Gomer/Gomeret,גּוֹמֵר/גּוֹמֵר,Gomrim/Gomrot,גּוֹמְרִים/גּוֹמְרוֹת,Finish,Gamarti,גָּמַרְתִּי,Gamarta,גָּמַרְתָּ,Gamart,גָּמַרְתְּ,Gamartem,גְּמַרְתֶּם,Gamarten,גְּמַרְתֶּן,Gamru,גָּמְרוּ,Gamru,גָּמְרוּ,Gamar,גָּמַר,Gamra,גָּמְרָה,Gamarnu,גָּמַרְנוּ
Fix,Le-taken,לְתַקֵּן,Metaken/Metakenet,מְתַקֵּן/מְתַקֶּנֶת,Metaknim/Metaknot,מְתַקְּנִים/מְתַקְּנוֹת,Fix,Tikanti,תִּקַּנְתִּי,Tikanta,תִּקַּנְתָּ,Tikant,תִּקַּנְתְּ,Tikantem,תִּקַּנְתֶּם,Tikanten,תִּקַּנְתֶּן,Tiknu,תִּקְּנוּ,Tiknu,תִּקְּנוּ,Tiken,תִּקֵּן,Tikna,תִּקְּנָה,Tikannu,תִּקַּנּוּ
Forget,Lishkoach,לִשְׁכּוֹחַ,Shocheach/Shochachat,שׁוֹכֵחַ/שׁוֹכַחַת,Shochechim/Shochechot,שׁוֹכְחִים/שׁוֹכְחוֹת,Forget,Shachachti,שָׁכַחְתִּי,Shachachta,שָׁכַחְתָּ,Shachacht,שָׁכַחְתְּ,Shachachem,שְׁכַחְתֶּם,Shachachten,שְׁכַחְתֶּן,Shachchu,שָׁכְחוּ,Shachchu,שָׁכְחוּ,Shachach,שָׁכַח,Shachcha,שָׁכְחָה,Shachachnu,שָׁכַחְנוּ
Forgive,Lis-loach,לִסְלוֹחַ,Soleach/Solachat,סוֹלֵחַ/סוֹלֶחֶת,Solchim/Solchot,סוֹלְחִים/סוֹלְחוֹת,Forgive,Salachti,סָלַחְתִּי,Salachta,סָלַחְתָּ,Salacht,סָלַחְתְּ,Salachtem,סְלַחְתֶּם,Salachten,סְלַחְתֶּן,Salchu,סָלְחוּ,Salchu,סָלְחוּ,Salach,סָלַח,Salcha,סָלְחָה,Salachnu,סָלַחְנוּ
Garden,Le-ganen,גִּינָּה,Meganen/Meganenet,מְגַנֵּן/מְגַנֶּנֶת,Megananim/Megananot,מְגַנְּנִים/מְגַנְּנוֹת,Garden,Ginanti,גִּנַּנְתִּי,Ginanta,גִּנַּנְתָּ,Ginant,גִּנַּנְתְּ,Ginantem,גִּנַּנְתֶּם,Ginanten,גִּנַּנְתֶּן,Ginenu,גִּנְּנוּ,Ginenu,גִּנְּנוּ,Ginen,גִּנֵּן,Ginena,גִּנְּנָה,Ginannu,גִּנַּנּוּ
Get up,La-kum,לָקוּם,Kam/Kama,קָם/קָמָה,Kamim/Kamot,קָמִים/קָמוֹת,Get up,Kamti,קַמְתִּי,Kamta,קַמְתָּ,Kamt,קַמְתְּ,Kamtem,קַמְתֶּם,Kamten,קַמְתֶּן,Kamu,קָמוּ,Kamu,קָמוּ,Kam,קָם,Kama,קָמָה,Kamnu,קַמְנוּ
Give,La-tet,לָתֵת,Noten/Notenet,נוֹתֵן/נוֹתֶנֶת,Notnim/Notnot,נוֹתְנִים/נוֹתְנוֹת,Give,Natati,נָתַתִּי,Natata,נָתַתָּ,Natat,נָתַתְּ,Natatem,נְתַתֶּם,Nataten,נְתַתֶּן,Natnu,נָתְנוּ,Natnu,נָתְנוּ,Natan,נָתַן,Natna,נָתְנָה,Natanu,נָתַנּוּ
Go/Walk,La-lechet,לָלֶכֶת,Holech/Holechet,הוֹלֵךְ/הוֹלֶכֶת,Holchim/Holchot,הוֹלְכִים/הוֹלְכוֹת,Go/Walk,Halachti,הָלַכְתִּי,Halachta,הָלַכְתָּ,Halacht,הָלַכְתְּ,Halachem,הֲלַכְתֶּם,Halachten,הֲלַכְתֶּן,Halchu,הָלְכוּ,Halchu,הָלְכוּ,Halach,הָלַךְ,Halcha,הָלְכָה,Halachnu,הָלַכְנוּ
Grow,Lig-dol,לִגְדּוֹל,Gadel/Gde-la,גָּדֵל/גְּדֵלָה,Gedelim/Gedelot,גְּדֵלִים/גְּדֵלוֹת,Grow,Gadalti,גָּדַלְתִּי,Gadalta,גָּדַלְתָּ,Gadalt,גָּדַלְתְּ,Gadaltem,גְּדַלְתֶּם,Gadalten,גְּדַלְתֶּן,Gadlu,גָּדְלוּ,Gadlu,גָּדְלוּ,Gadal,גָּדַל,Gadla,גָּדְלָה,Gadalnu,גָּדַלְנוּ
Guard,,,Shomer/Shomeret,שׁוֹמֵר/שׁוֹמֶרֶת,Shomrim/Shomrot,שׁוֹמְרִים/שׁוֹמְרוֹת,Guard,Shamarti,שָׁמַרְתִּי,Shamarta,שָׁמַרְתָּ,Shamart,שָׁמַרְתְּ,Shamartem,שְׁמַרְתֶּם,Shamarten,שְׁמַרְתֶּן,Shamru,שָׁמְרוּ,Shamru,שָׁמְרוּ,Shamar,שָׁמַר,Shamra,שָׁמְרָה,Shamarnu,שָׁמַרְנוּ
Hate,Lis-no,לִשְׂנוֹא,So-neh/So-net,שׂוֹנֵא/שׂוֹנֵאת,Sonim/Sonot,שׂוֹנְאִים/שׂוֹנְאוֹת,Hate,Saniti,שָׂנֵאתִי,Sanita,שָׂנֵאתָ,Sanit,שָׂנֵאת,Snitem,שְׂנֵאתֶם,Sniten,שְׂנֵאתֶן,Sanu,שָׂנְאוּ,Sanu,שָׂנְאוּ,Sane,שָׂנֵא,Santa,שָׂנְאָה,Saninu,שָׂנֵאנוּ
Hear,Lishmoa,לִשְׁמוֹעַ,Shomea/Shomaat,שׁוֹמֵעַ/שׁוֹמַעַת,Shomim/Shomot,שׁוֹמְעִים/שׁוֹמְעוֹת,Hear,Shamati,שָׁמַעְתִּי,Shamata,שָׁמַעְתָּ,Sham'at,שָׁמַעְתְּ,Shamatem,שְׁמַעְתֶּם,Shamaten,שְׁמַעְתֶּן,Shamu,שָׁמְעוּ,Shamu,שָׁמְעוּ,Shama,שָׁמַע,Shama,שָׁמְעָה,Shamanu,שָׁמַעְנוּ
Help,La-azor,לַעֲזוֹר,Ozer/Ozeret,עוֹזֵר/עוֹזֶרֶת,Ozrim/Ozrot,עוֹזְרִים/עוֹזְרוֹת,Help,Azarti,עָזַרְתִּי,Azarta,עָזַרְתָּ,Azart,עָזַרְתְּ,Azartem,עֲזַרְתֶּם,Azarten,עֲזַרְתֶּן,Azru,עָזְרוּ,Azru,עָזְרוּ,Azar,עָזַר,Azra,עָזְרָה,Azarnu,עָזַרְנוּ
Hurt,Lach-iv,לִפְגּוֹעַ,Mach-iv/Mach-i-va,פּוֹגֵעַ/פּוֹגַעַת,Pogim/Pogot,פּוֹגְעִים/פּוֹגְעוֹת,Hurt,Hichavti,הִכְאִיבִי,Hichavta,הִכְאִיבָ,Hichavt,הִכְאִיבָ,Hichavtem,הִכְאִיבֶם,Hichavten,הִכְאִיבֶן,Hichivu,הִכְאִיבוּ,Hichivu,הִכְאִיבוּ,Hichiv,הִכְאִיב,Hichiva,הִכְאִיבָה,Hichavnu,הִכְאַבְנוּ
Hold,Le-hachzik,לְהַחֲזִיק,Machzik/Machzika,מַחֲזִיק/מַחֲזִיקָה,Machzikim/Machzik,מַחֲזִיקִים/מַחֲזִיקוֹת,Hold,Hichzakti,הֶחֱזַקְתִּי,Hichzakta,הֶחֱזַקְתָּ,Hichzakt,הֶחֱזַקְתְּ,Hichzaktem,הֶחֱזַקְתֶּם,Hichzakten,הֶחֱזַקְתֶּן,Hechziku,הֶחֱזִיקוּ,Hechziku,הֶחֱזִיקוּ,Hechzik,הֶחֱזִיק,Hechzika,הֶחֱזִיקָה,Hichzaknu,הֶחֱזַקְנוּ
Hope,Le-kavot,לְקַוּוֹת,Mekaveh/Mekavah,מְקַוֶּה/מְקַוָּה,Mekavim/Mekavot,מְקַוִּים/מְקַוּוֹת,Hope,Kiviti,קִוִּיתִי,Kivita,קִוִּיתָ,Kivit,קִוִּית,Kivitem,קִוִּיתֶם,Kiviten,קִוִּיתֶן,Kivu,קִוּוּ,Kivu,קִוּוּ,Kiva,קִוָּה,Kivta,קִוְּתָה,Kivinu,קִוִּינוּ
Include,Lik-lol,לִכְלוֹל,Kolel/Kolelet,כּוֹלֵל/כּוֹלֶלֶת,Kolelim/Kolelot,כּוֹלְלִים/כּוֹלְלוֹת,Include,Kilalti,כָּלַלְתִּי,Kilalta,כָּלַלְתָּ,Kilalt,כָּלַלְתְּ,Kilaltem,כְּלַלְתֶּם,Kilalten,כְּלַלְתֶּן,Kilelu,כָּלְלוּ,Kilelu,כָּלְלוּ,Kilal,כָּלַל,Kilala,כָּלְלָה,Kilalnu,כָּלַלְנוּ
Interpret,Le-faresh,לְפָרֵשׁ,Mefaresh/Mefaresh et,מְפָרֵשׁ/מְפָרֶשֶׁת,Mefareshim/Mefareshot,מְפָרְשִׁים/מְפָרְשׁוֹת,Interpret,Perashti,פֵּרַשְׁתִּי,Perashta,פֵּרַשְׁתָּ,Perasht,פֵּרַשְׁתְּ,Perashtem,פֵּרַשְׁתֶּם,Perashten,פֵּרַשְׁתֶּן,Pereshu,פֵּרְשׁוּ,Pereshu,פֵּרְשׁוּ,Peresh,פֵּרֵשׁ,Peresha,פֵּרְשָׁה,Perashnu,פֵּרַשְׁנוּ
Jump,Likpotz,לִקְפּוֹץ,Kofetz/Kofetzet,קוֹפֵץ/קוֹפֶצֶת,Kofetzim/Kofetzot,קוֹפְצִים/קוֹפְצוֹת,Jump,Kafatzti,קָפַצְתִּי,Kafatzta,קָפַצְתָּ,Kafatzt,קָפַצְתְּ,Kafatztem,קְפַצְתֶּם,Kafatzten,קְפַצְתֶּן,Kafצו,קָפְצוּ,Kafצו,קָפְצוּ,Kafatz,קָפַץ,Kafצָה,קָפְצָה,Kafatznu,קָפַצְנוּ
Keep/Save,Lish-mor,לִשְׁמוֹר,Shomer/Shomeret,שׁוֹמֵר/שׁוֹמֶרֶת,Shomrim/Shomrot,שׁוֹמְרִים/שׁוֹמְרוֹת,Keep/Save,Shamarti,שָׁמַרְתִּי,Shamarta,שָׁמַרְתָּ,Shamart,שָׁמַרְתְּ,Shamartem,שְׁמַרְתֶּם,Shamarten,שְׁמַרְתֶּן,Shamru,שָׁמְרוּ,Shamru,שָׁמְרוּ,Shamar,שָׁמַר,Shamra,שָׁמְרָה,Shamarnu,שָׁמַרְנוּ
Know (a fact),La-daat ,לָדַעַת,Yodea/Yodaat,יוֹדֵעַ/יוֹדַעַת,Yodim/Yodot,יוֹדְעִים/יוֹדְעוֹת,Know (a fact),Yadati,יָדַעְתִּי,Yadata,יָדַעְתָּ,Yada't,יָדַעְתְּ,Yedatem,יְדַעְתֶּם,Yedaten,יְדַעְתֶּן,Yadu,יָדְעוּ,Yadu,יָדְעוּ,Yada,יָדַע,Yad'a,יָדְעָה,Yadanu,יָדַעְנוּ
Know (someone),Le-hakir,לְהַכִּיר,Mekir/Mekirah,מַכִּיר/מַכִּירָה,Mekirim/Mekirot,מַכִּירִים/מַכִּירוֹת,Know (someone),Hikarti,הִכַּרְתִּי,Hikarta,הִכַּרְתָּ,Hikart,הִכַּרְתְּ,Hikartem,הִכַּרְתֶּם,Hikarten,הִכַּרְתֶּן,Hikiru,הִכִּירוּ,Hikiru,הִכִּירוּ,Hikir,הִכִּיר,Hikira,הִכִּירָה,Hikarnu,הִכַּרְנוּ
Laugh,Litzchok,לִצְחוֹק,Tzochek/Tzocheket,צוֹחֵק/צוֹחֶקֶת,Tzochakim/Tzochakot,צוֹחֲקִים/צוֹחֲקוֹת,Laugh,Tzachakti,צָחַקְתִּי,Tzachakta,צָחַקְתָּ,Tzachakt,צָחַקְתְּ,Tzachaktem,צְחַקְתֶּם,Tzachakten,צְחַקְתֶּן,Tzachaku,צָחֲקוּ,Tzachaku,צָחֲקוּ,Tzachak,צָחַק,Tzachaka,צָחֲקָה,Tzachaknu,צָחַקְנוּ
Learn,Lil-mod,לִלְמוֹד,Lomed/Lomedet,לוֹמֵד/לוֹמֶדֶת,Lomdim/Lomdot,לוֹמְדִים/לוֹמְדוֹת,Learn,Lamadti,לָמַדְתִּי,Lamadata,לָמַדְתָּ,Lamadt,לָמַדְתְּ,Lamadtem,לְמַדְתֶּם,Lamadten,לְמַדְתֶּן,Lamdu,לָמְדוּ,Lamdu,לָמְדוּ,Lamad,לָמַד,Lamda,לָמְדָה,Lamadnu,לָמַדְנוּ
Leave,La-azov,לַעֲזוֹב,Ozev/Ozevet,עוֹזֵב/עוֹזֶבֶת,Ozvim/Ozvot,עוֹזְבִים/עוֹזְבוֹת,Leave,Azavti,עָזַבְתִּי,Azavta,עָזַבְתָּ,Azavt,עָזַבְתְּ,Azavtem,עֲזַבְתֶּם,Azavten,עֲזַבְתֶּן,Azvu,עָזְבוּ,Azvu,עָזְבוּ,Azav,עָזַב,Azva,עָזְבָה,Azavnu,עָזַבְנוּ
Like/Love,Le-e-chov,,Ohev/Ohevet,אוֹהֵב/אוֹהֶבֶת,Ohavim/Ohavot,אוֹהֲבִים/אוֹהֲבוֹת,Like/Love,Ahavti,אָהַבְתִּי,Ahavta,אָהַבְתָּ,Ahavt,אָהַבְתְּ,Ahavtem,אֲהַבְתֶּם,Ahavten,אֲהַבְתֶּן,Ahuvu,אָהֲבוּ,Ahuvu,אָהֲבוּ,Ahev,אָהֵב,Aahava,אָהֲבָה,Ahavnu,אָהַבְנוּ
Listen,Le-hakshiv,לְהַקְשִׁיב,Makshiv/Makshiva,מַקְשִׁיב/מַקְשִׁיבָה,Makshivim/Makshivot,מַקְשִׁיבִים/מַקְשִׁיבוֹת,Listen,Hikshavti,הִקְשַׁבְתִּי,Hikshavta,הִקְשַׁבְתָּ,Hikshavt,הִקְשַׁבְתְּ,Hikshavtem,הִקְשַׁבְתֶּם,Hikshavten,הִקְשַׁבְתֶּן,Hikshivu,הִקְשִׁיבוּ,Hikshivu,הִקְשִׁיבוּ,Hikshiv,הִקְשִׁיב,Hikshiva,הִקְשִׁיבָה,Hikshavnu,הִקְשַׁבְנוּ
Live,La-gur,לָגוּר,Gar/Gara,גָּר/גָּרָה,Garim/Garot,גָּרִים/גָּרוֹת,Live,Garti,גַּרְתִּי,Garta,גַּרְתָּ,Gart,גַּרְתְּ,Gartem,גַּרְתֶּם,Garten,גַּרְתֶּן,Garu,גָּרוּ,Garu,גָּרוּ,Gar,גָּר,Gara,גָּרָה,Garnu,גַּרְנוּ
Look,Le-histakel,לְהִסְתַּכֵּל,Mistakel/Mistakelet,מִסְתַּכֵּל/מִסְתַּכֶּלֶת,Mistaklim/Mistaklot,מִסְתַּכְּלִים/מִסְתַּכְּלוֹת,Look,Hitstakальti,הִסְתַּכַּלְתִּי,Hitstakalta,הִסְתַּכַּלְתָּ,Hitstakalt,הִסְתַּכַּלְתְּ,Hitstakaltם,הִסְתַּכַּלְתֶּם,Hitstakalten,הִסְתַּכַּלְתֶּן,Hitstaklu,הִסְתַּכְּלוּ,Hitstaklu,הִסְתַּכְּלוּ,Hitstakel,הִסְתַּכֵּל,Hitstakla,הִסְתַּכְּלָה,Hitstakalnu,הִסְתַּכַּלְנוּ
Meet,Le-hipagesh,לְהִפָּגֵשׁ,Nifgash/Nifgeshet,נִפְגָּשׁ/נִפְגֶּשֶׁת,Nifgashim/Nifgashot,נִפְגָּשִׁים/נִפְגָּשׁוֹת,Meet,Nifgashti,נִפְגַּשְׁתִּי,Nifgashta,נִפְגַּשְׁתָּ,Nifgasht,נִפְגַּשְׁתְּ,Nifgashtem,נִפְגַּשְׁתֶּם,Nifgashten,נִפְגַּשְׁתֶּן,Nifgeshu,נִפְגְּשׁוּ,Nifgeshu,נִפְגְּשׁוּ,Nifgash,נִפְגַּשׁ,Nifgesha,נִפְגְּשָׁה,Nifgashnu,נִפְגַּשְׁנוּ
Move,La-zuz,לָזוּז,Zaz/Zaza,זָז/זָזָה,Zazim/Zazot,זָזִים/זָזוֹת,Move,Zazti,זַזְתִּי,Zazta,זַזְתָּ,Zazt,זַזְתְּ,Zaztem,זַזְתֶּם,Zazten,זַזְתֶּן,Zazu,זָזוּ,Zazu,זָזוּ,Zaz,זָז,Zaza,זָזָה,Zaznu,זַזְנוּ
Need,Litz-roch,לְהִזְדַּקֵּק,Tzarich/Tzricha,מִזְדַּקֵּק/מִזְדַּקֶּקֶת,Tzrichim/Tzrichot,צְרִיכִים/צְרִיכוֹת,Need,Tzarakhti,צָרַכְתִּי,Tzarechta,צָרַכְתָּ,Tzarecht,צָרַכְתְּ,Tzarechtem,צְרַכְתֶּם,Tzarechten,צְרַכְתֶּן,Tzarchu,צָרְכוּ,Tzarchu,צָרְכוּ,Tzarech,צָרַךְ,Tzarcha,צָרְכָה,Tzarechnu,צָרַכְנוּ
Open,Lif-toach,לִפְתּוֹחַ,Poteach/Potachat,פּוֹתֵחַ/פּוֹתַחַת,Potchim/Potchat,פּוֹתְחִים/פּוֹתְחוֹת,Open,Patakhti,פָּתַחְתִּי,Patachta,פָּתַחְתָּ,Patacht,פָּתַחְתְּ,Patachem,פְּתַחְתֶּם,Patachten,פְּתַחְתֶּן,Patkhu,פָּתְחוּ,Patkhu,פָּתְחוּ,Patakh,פָּתַח,Patkha,פָּתְחָה,Pataknu,פָּתַחְנוּ
Paint,Le-tzabea,לְצַבֵּעַ,Tzovea/Tzoveat,צוֹבֵעַ/צוֹבַעַת,Tzovim/Tzovot,צוֹבְעִים/צוֹבְעוֹת,Paint,Tziyarti,צִיַּרְתִּי,Tziyarta,צִיַּרְתָּ,Tziyart,צִיַּרְתְּ,Tziyartem,צִיַּרְתֶּם,Tziyarten,צִיַּרְתֶּן,Tziyeru,צִיְּרוּ,Tziyeru,צִיְּרוּ,Tziyer,צִיֵּר,Tziyrה,צִיְּרָה,Tziyarnu,צִיַּרְנוּ
Pay,Le-shalem,לְשַׁלֵּם,Meshalem/Meshalemet,מְשַׁלֵּם/מְשַׁלֶּמֶת,Meshalmim/Meshalmot,מְשַׁלְּמִים/מְשַׁלְּמוֹת,Pay,Shilamti,שִׁלַּמְתִּי,Shilamta,שִׁלַּמְתָּ,Shilamt,שִׁלַּמְתְּ,Shilamtem,שִׁלַּמְתֶּם,Shilamten,שִׁלַּמְתֶּן,Shilmu,שִׁלְּמוּ,Shilmu,שִׁלְּמוּ,Shilem,שִׁלֵּם,Shilma,שִׁלְּמָה,Shilamnu,שִׁלַּמְנוּ
Pass/Cross,La-avor,לַעֲבוֹר,Over/Overet,עוֹבֵר/עוֹבֶרֶת,Ovrim/Ovrot,עוֹבְרִים/עוֹבְרוֹת,Pass/Cross,Avarti,עָבַרְתִּי,Avarta,עָבַרְתָּ,Avart,עָבַרְתְּ,Avartem,עֲבַרְתֶּם,Avarten,עֲבַרְתֶּן,Avru,עָבְרוּ,Avru,עָבְרוּ,Avar,עָבַר,Avra,עָבְרָה,Avarnu,עָבַרְנוּ
Play,Lesachek,לְשַׂחֵק,Mesachek/Mesacheket,מְשַׂחֵק/מְשַׂחֶקֶת,Mesachakim/Mesachakot,מְשַׂחֲקִים/מְשַׂחֲקוֹת,Play,Sichakti,שִׂחַקְתִּי,Sichakta,שִׂחַקְתָּ,Sichakt,שִׂחַקְתְּ,Sichaktem,שִׂחַקְתֶּם,Sichakten,שִׂחַקְתֶּן,Sichaku,שִׂחֲקוּ,Sichaku,שִׂחֲקוּ,Sichek,שִׂחֵק,Sichka,שִׂחֲקָה,Sichaknu,שִׂחַקְנוּ
Prefer,Le-haadif,לְהַעֲדִיף,Maadif/Maadifa,מַעֲדִיף/מַעֲדִיפָה,Maadifim/Maadifot,מַעֲדִיפִים/מַעֲדִיפוֹת,Prefer,Hiadifti,הֶעֱדַפְתִּי,Hiadifta,הֶעֱדַפְתָּ,Hiadift,הֶעֱדַפְתְּ,Hiadiftem,הֶעֱדַפְתֶּם,Hiadiften,הֶעֱדַפְתֶּן,Hiedifu,הֶעֱדִיפוּ,Hiedifu,הֶעֱדִיפוּ,Hiedif,הֶעֱדִיף,Hiedifa,הֶעֱדִיפָה,Hiadifnu,הֶעֱדַפְנוּ
Put,La-sim,לָשִׂים,Sam/Sama,שָׂם/שָׂמָה,Samim/Samot,שָׂמִים/שָׂמוֹת,Put,Samti,שַׂמְתִּי,Samta,שַׂמְתָּ,Samt,שַׂמְתְּ,Samtem,שַׂמְתֶּם,Samten,שַׂמְתֶּן,Samu,שָׂמוּ,Samu,שָׂמוּ,Sam,שָׂם,Sama,שָׂמָה,Samנו,שַׂמְנוּ
Read,Li-kro,לִקְרוֹא,Kore/Koret,קוֹרֵא/קוֹרֵאת,Korim/Korot,קוֹרְאִים/קוֹרְאוֹת,Read,Karati,קָרָאתִי,Karata,קָרָאתָ,Karat,קָרָאת,Karatem,קְרָאתֶם,Karaten,קְרָאתֶן,Karu,קָרְאוּ,Karu,קָרְאוּ,Kara,קָרָא,Kar'a,קָרְאָה,Karanu,קָרָאנוּ
Receive,Le-kabel,לְקַבֵּל,Mekabel/Mekabelet,מְקַבֵּל/מְקַבֶּלֶת,Mekablim/Mekablot,מְקַבְּלִים/מְקַבְּלוֹת,Receive,Kibalti,קִבַּלְתִּי,Kibalta,קִבַּלְתָּ,Kibalt,קִבַּלְתְּ,Kibaltem,קִבַּלְתֶּם,Kibalten,קִבַּלְתֶּן,Kiblu,קִבְּלוּ,Kiblu,קִבְּלוּ,Kibel,קִבֵּל,Kibla,קִבְּלָה,Kibalnu,קִבַּלְנוּ
Remember,Liz-kor,לִזְכּוֹר,Zocher/Zocheret,זוֹכֵר/זוֹכֶרֶת,Zochrim/Zochrot,זוֹכְרִים/זוֹכְרוֹת,Remember,Zacharti,זָכַרְתִּי,Zacharta,זָכַרְתָּ,Zachart,זָכַרְתְּ,Zachartem,זְכַרְתֶּם,Zacharten,זְכַרְתֶּן,Zachru,זָכְרוּ,Zachru,זָכְרוּ,Zachar,זָכַר,Zachra,זָכְרָה,Zacharnu,זָכַרְנוּ
Rent (for yourself),Lis-kor,לִשְׂכּוֹר,Socher/Socheret,שׂוֹכֵר/שׂוֹכֶרֶת,Sochrim/Sochrot,שׂוֹכְרִים/שׂוֹכְרוֹת,Rent (for yourself),Sacharti,שָׂכַרְתִּי,Sacharta,שָׂכַרְתָּ,Sachart,שָׂכַרְתְּ,Sachartem,שְׂכַרְתֶּם,Sacharten,שְׂכַרְתֶּן,Sachru,שָׂכְרוּ,Sachru,שָׂכְרוּ,Sachar,שָׂכַר,Sachra,שָׂכְרָה,Sacharnu,שָׂכַרְנוּ
Rent (for others),Le-haskir,לְהַשְׂכִּיר,Maskir/Maskira,מַשְׂכִּיר/מַשְׂכִּירָה,Maskirim/Maskirot,מַשְׂכִּירִים/מַשְׂכִּירוֹת,Rent (for others),Hiskarti,הִשְׂכַּרְתִּי,Hiskarta,הִשְׂכַּרְתָּ,Hiskart,הִשְׂכַּרְתְּ,Hiskartem,הִשְׂכַּרְתֶּם,Hiskarten,הִשְׂכַּרְתֶּן,Hiskiru,הִשְׂכִּירוּ,Hiskiru,הִשְׂכִּירוּ,Hiskir,הִשְׂכִּיר,Hiskira,הִשְׂכִּירָה,Hiskarnu,הִשְׂכַּרְנוּ
Repeat,Lachzor,לַחֲזוֹר,Chozer/Chozeret,חוֹזֵר/חוֹזֶרֶת,Chozrim/Chozrot,חוֹזְרִים/חוֹזְרוֹת,Repeat,Chazarti,חָזַרְתִּי,Chazarta,חָזַרְתָּ,Chazart,חָזַרְתְּ,Chazartem,חֲזַרְתֶּם,Chazarten,חֲזַרְתֶּן,Chazru,חָזְרוּ,Chazru,חָזְרוּ,Chazar,חָזַר,Chazra,חָזְרָה,Chazarnu,חָזַרְנוּ
Return (something),Le-hach-zir,לַחֲזוֹר,Machzir/Machzir-ah,חוֹזֵר/חוֹזֶרֶת,Machzirim/Machzirot,מַחֲזִירִים/מַחֲזִירוֹת,Return (something),Hichzarti,הֶחְזַרְתִּי,Hichzarta,הֶחְזַרְתָּ,Hichzart,הֶחְזַרְתְּ,Hichzartem,הֶחְזַרְתֶּם,Hichzarten,הֶחְזַרְתֶּן,Hechziru,הֶחְזִירוּ,Hechziru,הֶחְזִירוּ,Hechzir,הֶחְזִיר,Hechzira,הֶחְזִירָה,Hichzarnu,הֶחְזַרְנוּ
Return (somewhere),Lach-zor,לַחֲזֹר,Chozer/Chozeret,חוֹזֵר/חוֹזֶרֶת,Chozrim/Chozrot,חוֹזְרִים/חוֹזְרוֹת,Return (somewhere),Chazarti,חָזַרְתִּי,Chazarta,חָזַרְתָּ,Chazart,חָזַרְתְּ,Chazartem,חֲזַרְתֶּם,Chazarten,חֲזַרְתֶּן,Chazru,חָזְרוּ,Chazru,חָזְרוּ,Chazar,חָזַר,Chazra,חָזְרָה,Chazarnu,חָזַרְנוּ
Rest,La-nuach,לָנוּחַ,Nach/Na-cha,נָח/נָחָה,Nachim/Nachot,נָחִים/נָחוֹת,Rest,Nachtati,נָחַתִּי?,Nachta,נָחַתָּ,Nacht,נָחַתְּ,Nachtem,נַחְתֶּם,Nachten,נַחְתֶּן,Nachu,נָחוּ,Nachu,נָחוּ,Nach,נָח,Nachah,נָחָה,Nachnu,נָחְנוּ
Run,La-rutz,לָרוּץ,Ratz/Ratza,רָץ/רָצָה,Ratzim/Ratzot,רָצִים/רָצוֹת,Run,Ratzti,רַצְתִּי,Ratztָ,רַצְתָּ,Ratzt,רַצְתְּ,Ratztem,רַצְתֶּם,Ratzten,רַצְתֶּן,Ratzu,רָצוּ,Ratzu,רָצוּ,Ratz,רָץ,Ratza,רָצָה,Ratznu,רַצְנוּ
Run Away,Liv-roach,לִבְרוֹחַ,Boreach/Borachat,בּוֹרֵחַ/בּוֹרַחַת,Borchim/Borchot,בּוֹרְחִים/בּוֹרְחוֹת,Run Away,Barachti,בָּרַחְתִּי,Barachta,בָּרַחְתָּ,Baracht,בָּרַחְתְּ,Barachtem,בְּרַחְתֶּם,Barachten,בְּרַחְתֶּן,Barchu,בָּרְחוּ,Barchu,בָּרְחוּ,Barach,בָּרַח,Barcha,בָּרְחָה,Barachnu,בָּרַחְנוּ
Say (pt. 1),Le-hagid,לְהַגִּיד,Magid/Magida,מַגִּיד/מַגִּידָה,Magidim/Magidot,מַגִּידִים/מַגִּידוֹת,Say (pt. 1),Higadti,הִגַּדְתִּי,Higadta,הִגַּדְתָּ,Higadt,הִגַּדְתְּ,Higadtem,הִגַּדְתֶּם,Higadten,הִגַּדְתֶּן,Higidu,הִגִּידוּ,Higidu,הִגִּידוּ,Higid,הִגִּיד,Higida,הִגִּידָה,Higadnu,הִגַּדְנוּ
Say (pt. 2),Lo-mar,לוֹמַר,Omer/Omeret,אוֹמֵר/אוֹמֶרֶת,Omrim/Omrot,אוֹמְרִים/אוֹמְרוֹת,Say (pt. 2),Amarti,אָמַרְתִּי,Amarta,אָמַרְתָּ,Amart,אָמַרְתְּ,Amartem,אֲמַרְתֶּם,Amarten,אֲמַרְתֶּן,Amru,אָמְרוּ,Amru,אָמְרוּ,Amar,אָמַר,Amra,אָמְרָה,Amarnu,אָמַרְנוּ
Sanctify,Le-kadesh,לְקַדֵּשׁ,Mekadesh/Mekadeshet,מְקַדֵּשׁ/מְקַדֶּשֶׁת,Mekadshim/Mekadshot,מְקַדְּשִׁים/מְקַדְּשׁוֹת,Sanctify,Kidashti,קִדַּשְׁתִּי,Kidashta,קִדַּשְׁתָּ,Kidasht,קִדַּשְׁתְּ,Kidashtem,קִדַּשְׁתֶּם,Kidashten,קִדַּשְׁתֶּן,Kidshu,קִדְּשׁוּ,Kidshu,קִדְּשׁוּ,Kidesh,קִדֵּשׁ,Kidsha,קִדְּשָׁה,Kidashnu,קִדַּשְׁנוּ
Search,Lechapes,לְחַפֵּשׂ,Mechapes/Mechapeset,מְחַפֵּשׂ/מְחַפֶּשֶׂת,Mechapsim/Mechapsot,מְחַפְּשִׂים/מְחַפְּשִׂים,Search,Chipashti,חִפַּשְׂתִּי,Chipashta,חִפַּשְׂתָּ,Chipasht,חִפַּשְׂתְּ,Chipashtem,חִפַּשְׂתֶּם,Chipashten,חִפַּשְׂתֶּן,Chipsu,חִפְּשׂוּ,Chipsu,חִפְּשׂוּ,Chipes,חִפֵּשׂ,Chipsa,חִפְּשָׂה,Chipasnu,חִפַּשְׂנוּ
See,Lir-ot,לִרְאוֹת,Ro-eh/Ro-ah,רוֹאֶה/רוֹאָה,Roim/Ro-ot,רוֹאִים/רוֹאוֹת,See,Ra'iti,רָאִיתִי,Ra'ita,רָאִיתָ,Ra'it,רָאִית,R'item,רְאִיתֶם,R'iten,רְאִיתֶן,Ra'u,רָאוּ,Ra'u,רָאוּ,Ra'a,רָאָה,Ra'ata,רָאֲתָה,Ra'inu,רָאִינוּ
Send,Lish-loach,לִשְׁלוֹחַ,Sholeach/Sholachat,שׁוֹלֵחַ/שׁוֹלַחַת,Sholchim/Sholchot,שׁוֹלְחִים/שׁוֹלְחוֹת,Send,Shalachti,שָׁלַחְתִּי,Shalachta,שָׁלַחְתָּ,Shalacht,שָׁלַחְתְּ,Shalachem,שְׁלַחְתֶּם,Shalachten,שְׁלַחְתֶּן,Shalchu,שָׁלְחוּ,Shalchu,שָׁלְחוּ,Shalach,שָׁלַח,Shalcha,שָׁלְחָה,Shalachnu,שָׁלַחְנוּ
Shout,Litz-ok,לִצְעֹק,Tzoek/tzoeket,צוֹעֵק/צוֹעֶקֶת,Tzoakim/Tzoakot,צוֹעֲקִים/צוֹעֲקוֹת,Shout,Tza'akti,צָעַקְתִּי,Tza'akta,צָעַקְתָּ,Tza'akt,צָעַקְתְּ,Tza'aktem,צְעַקְתֶּם,Tza'akten,צְעַקְתֶּן,Tza'aku,צָעֲקוּ,Tza'aku,צָעֲקוּ,Tza'ak,צָעַק,Tza'aka,צָעֲקָה,Tza'aknu,צָעַקְנוּ
Show,Le-harot,לְהַרְאוֹת,Mar-eh/Mar-ah,מַרְאֶה/מַרְאָה,Marim/Marot,מַרְאִים/מַרְאוֹת,Show,Hir'eti,הֶרְאֵיתִי,Hir'eta,הֶרְאֵיתָ,Hir'et,הֶרְאֵית,Hir'item,הֶרְאֵיתֶם,Hir'iten,הֶרְאֵיתֶן,Hir'u,הֶרְאוּ,Hir'u,הֶרְאוּ,Hir'a,הֶרְאָה,Hir'eta,הֶרְאֲתָה,Hir'inu,הֶרְאֵינוּ
Shut Up,Lish-tok,לִשְׁתּוֹק,Shotek/Shoteket,שׁוֹתֵק/שׁוֹתֶקֶת,Shotkim/Shotkot,שׁוֹתְקִים/שׁוֹתְקוֹת,Shut Up,Shatakti,שָׁתַקְתִּי,Shatakta,שָׁתַקְתָּ,Shatakt,שָׁתַקְתְּ,Shataktem,שְׁתַקְתֶּם,Shatakten,שְׁתַקְתֶּן,Shatku,שָׁתְקוּ,Shatku,שָׁתְקוּ,Shatak,שָׁתַק,Shatka,שָׁתְקָה,Shataknu,שָׁתַקְנוּ
Sign,Lach-tom,לַחְתּוֹם,Chotem/Chotemet,חוֹתֵם/חוֹתֶמֶת,Chotmim/Chotmot,חוֹתְמִים/חוֹתְמוֹת,Sign,Chatamti,חָתַמְתִּי,Chatamta,חָתַמְתָּ,Chatamt,חָתַמְתְּ,Chatamtem,חֲתַמְתֶּם,Chatamten,חֲתַמְתֶּן,Chatmu,חָתְמוּ,Chatmu,חָתְמוּ,Chatam,חָתַם,Chatma,חָתְמָה,Chatamnu,חָתַמְנוּ
Sing,La-shir,לָשִׁיר,Shar/ShAHra,שָׁר/שָׁרָה,Sharim/Sharot,שָׁרִים/שָׁרוֹת,Sing,Sharתי,שַׁרְתִּי,Sharta,שַׁרְתָּ,Shart,שַׁרְתְּ,Shartem,שַׁרְתֶּם,Sharten,שַׁרְתֶּן,Sharu,שָׁרוּ,Sharu,שָׁרוּ,Shar,שָׁר,Shara,שָׁרָה,Sharnu,שַׁרְנוּ
Sit,La-shevet,לָשֶׁבֶת,Yoshev/Yoshevet,יוֹשֵׁב/יוֹשֶׁבֶת,Yoshvim/Yoshvot,יוֹשְׁבִים/יוֹשְׁבוֹת,Sit,Yashavti,יָשַׁבְתִּי,Yashavta,יָשַׁבְתָּ,Yashavt,יָשַׁבְתְּ,Yashavtem,יְשַׁבְתֶּם,Yashavten,יְשַׁבְתֶּן,Yashvu,יָשְׁבוּ,Yashvu,יָשְׁבוּ,Yashav,יָשַׁב,Yashva,יָשְׁבָה,Yashavnu,יָשַׁבְנוּ
Smell,Le-har-iach,לְהָרִיחַ,Meriach/Mericha,מֵרִיחַ/מְרִיחָה,Merichim/Merichot,מְרִיחִים/מְרִיחוֹת,Smell,Hirachti,הֵרַחְתִּי,Hirachta,הֵרַחְתָּ,Hiracht,הֵרַחְתְּ,Hirachtem,הֵרַחְתֶּם,Hirachten,הֵרַחְתֶּן,Hirichu,הֵרִיחוּ,Hirichu,הֵרִיחוּ,Heriach,הֵרִיחַ,Hiricha,הֵרִיחָה,Hirachnu,הֵרַחְנוּ
Speak/Talk,Ledaber,לְדַבֵּר,Medaber/Medaberet,מְדַבֵּר/מְדַבֶּרֶת,Medabrim/Medabrot,מְדַבְּרִים/מְדַבְּרוֹת,Speak/Talk,Dibarti,דִּבַּרְתִּי,Dibarta,דִּבַּרְתָּ,Dibart,דִּבַּרְתְּ,Dibartem,דִּבַּרְתֶּם,Dibarten,דִּבַּרְתֶּן,Dibru,דִּבְּרוּ,Dibru,דִּבְּרוּ,Diber,דִּבֵּר,Dibra,דִּבְּרָה,Dibarnu,דִּבַּרְנוּ
Stand,La-amod,לַעֲמוֹד,Omed/Omedet,עוֹמֵד/עוֹמֶדֶת,Omdim/Omdot,עוֹמְדִים/עוֹמְדוֹת,Stand,Amadti,עָמַדְתִּי,Amadta,עָמַדְתָּ,Amadt,עָמַדְתְּ,Amadtem,עֲמַדְתֶּם,Amadten,עֲמַדְתֶּן,Amdu,עָמְדוּ,Amdu,עָמְדוּ,Amad,עָמַד,Amda,עָמְדָה,Amadnu,עָמַדְנוּ
Stare,Liv-hot,לִבְהוֹת,Bo-he/Bo-ha,בּוֹהֶה/בּוֹהָה,Bohim/Bohot,בּוֹהִים/בּוֹהוֹת,Stare,Hibitּי,הִבַּטְתִּי,Hibita,הִבַּטְתָּ,Hibit,הִבַּטְתְּ,Hibitem,הִבַּטְתֶּם,Hibiten,הִבַּטְתֶּן,Hibitu,הִבִּיטוּ,Hibitu,הִבִּיטוּ,Hibit,הִבִּיט,Hibita,הִבִּיטָה,Hibatnu,הִבַּטְנוּ
Stay,Le-hishaer,לְהִשָּׁאֵר,Nish-ar/Nish-eret,נִשְׁאָר/נִשְׁאֶרֶת,Nisharim/Nisharot,נִשְׁאָרִים/נִשְׁאָרוֹת,Stay,Nisharti,נִשְׁאַרְתִּי,Nisharta,נִשְׁאַרְתָּ,Nishart,נִשְׁאַרְתְּ,Nishartem,נִשְׁאַרְתֶּם,Nisharten,נִשְׁאַרְתֶּן,Nisharu,נִשְׁאֲרוּ,Nisharu,נִשְׁאֲרוּ,Nishאר,נִשְׁאַר,Nish'ara,נִשְׁאֲרָה,Nisharnu,נִשְׁאַרְנוּ
Steal,Lig-nov,לִגְנוֹב,Gonev/Gonevet,גּוֹנֵב/גּוֹנֶבֶת,Gonvim/Gonvot,גּוֹנְבִים/גּוֹנְבוֹת,Steal,Ganavti,גָּנַבְתִּי,Ganavta,גָּנַבְתָּ,Ganavt,גָּנַבְתְּ,Ganavtem,גְּנַבְתֶּם,Ganavten,גְּנַבְתֶּן,Ganvu,גָּנְבוּ,Ganvu,גָּנְבוּ,Ganav,גָּנַב,Ganva,גָּנְבָה,Ganavnu,גָּנַבְנוּ
Stop,La-atzor,לַעֲצֹר,Otzer/Otzeret,עוֹצֵר/עוֹצֶרֶת,Otzrim/Otzrot,עוֹצְרִים/עוֹצְרוֹת,Stop,Atzarti,עָצַרְתִּי,Atzarta,עָצַרְתָּ,Atzart,עָצַרְתְּ,Atzartem,עֲצַרְתֶּם,Atzarten,עֲצַרְתֶּן,Atzru,עָצְרוּ,Atzru,עָצְרוּ,Atzar,עָצַר,Atzra,עָצְרָה,Atzarnu,עָצַרְנוּ
Support,Lit-moch,לִתְמוֹךְ,Tomech/Tomechet,תּוֹמֵךְ/תּוֹמֶכֶת,Tomchim/Tomchot,תּוֹמְכִים/תּוֹמְכוֹת,Support,Tamachti,תָּמַכְתִּי,Tamachta,תָּמַכְתָּ,Tamacht,תָּמַכְתְּ,Tamachtem,תְּמַכְתֶּם,Tamachten,תְּמַכְתֶּן,Tamchu,תָּמְכוּ,Tamchu,תָּמְכוּ,Tamach,תָּמַךְ,Tamcha,תָּמְכָה,Tamachnu,תָּמַכְנוּ
Swim,Lis-chot,לִשְׂחוֹת,Soche/Socha,שׂוֹחֶה/שׂוֹחָה,Sochim/Sochot,שׂוֹחִים/שׂוֹחוֹת,Swim,Sachti,שָׂחְתִּי,Sachta,שָׂחְתָּ,Sacht,שָׂחְתְּ,Sachtem,שַׂחְתֶּם,Sachten,שַׂחְתֶּן,Sachu,שָׂחוּ,Sachu,שָׂחוּ,Sach,שָׂח,Sacha,שָׂחָה,Sachnu,שָׂחְנוּ
Take,La-kachat,לָקַחַת,Lokeach/Lokachat,לוֹקֵחַ/לוֹקַחַת,Lokchim/Lokchot,לוֹקְחִים/לוֹקְחוֹת,Take,Lakachti,לָקַחְתִּי,Lakachta,לָקַחְתָּ,Lakacht,לָקַחְתְּ,Lakachtem,לְקַחְתֶּם,Lakachten,לְקַחְתֶּן,Lakchu,לָקְחוּ,Lakchu,לָקְחוּ,Lakach,לָקַח,Lakcha,לָקְחָה,Lakachnu,לָקַחְנוּ
Taste,Lit-om,לִטְעוֹם,Toem/Toemet,טוֹעֵם/טוֹעֶמֶת,Toamim/Toamot,טוֹעֲמִים/טוֹעֲמוֹת,Taste,Ta'amti,טָעַמְתִּי,Ta'amta,טָעַמְתָּ,Ta'amt,טָעַמְתְּ,Ta'amtem,טְעַמְתֶּם,Ta'amten,טְעַמְתֶּן,Ta'amu,טָעֲמוּ,Ta'amu,טָעֲמוּ,Ta'am,טָעַם,Ta'ama,טָעֲמָה,Ta'amnu,טָעַמְנוּ
Teach,Le-lamed,לְלַמֵּד,Melamed/Melamedet,מְלַמֵּד/מְלַמֶּדֶת,Melamdim/Melamdot,מְלַמְּדִים/מְלַמְּדוֹת,Teach,Limadti,לִמַּדְתִּי,Limadta,לִמַּדְתָּ,Limadt,לִמַּדְתְּ,Limadtem,לִמַּדְתֶּם,Limadten,לִמַּדְתֶּן,Limdu,לִמְּדוּ,Limdu,לִמְּדוּ,Limed,לִמֵּד,Limda,לִמְּדָה,Limadnu,לִמַּדְנוּ
Tell,Le-saper,לְסַפֵּר,Mesaper/Mesaperet,מְסַפֵּר/מְסַפֶּרֶת,Mesaprim/Mesaprot,מְסַפְּרִים/מְסַפְּרוֹת,Tell,Siparti,סִפַּרְתִּי,Siparta,סִפַּרְתָּ,Sipart,סִפַּרְתְּ,Sipartem,סִפַּרְתֶּם,Siparten,סִפַּרְתֶּן,Sipru,סִפְּרוּ,Sipru,סִפְּרוּ,Siper,סִפֵּר,Sipra,סִפְּרָה,Siparnu,סִפַּרְנוּ
Think,Lach-shov,לַחְשׁוֹב,Choshev/Choshevet,חוֹשֵׁב/חוֹשֶׁבֶת,Choshvim/Choshvot,חוֹשְׁבִים/חוֹשְׁבוֹת,Think,Chashavti,חָשַׁבְתִּי,Chashavta,חָשַׁבְתָּ,Chashavt,חָשַׁבְתְּ,Chashavtem,חֲשַׁבְתֶּם,Chashavten,חֲשַׁבְתֶּן,Chashvu,חָשְׁבוּ,Chashvu,חָשְׁבוּ,Chashav,חָשַׁב,Chashva,חָשְׁבָה,Chashavnu,חָשַׁבְנוּ
Throw,Liz-rok,לִזְרוֹק,Zorek/Zoreket,זוֹרֵק/זוֹרֶקֶת,Zorkim/Zorkot,זוֹרְקִים/זוֹרְקוֹת,Throw,Zarakti,זָרַקְתִּי,Zarakta,זָרַקְתָּ,Zarakt,זָרַקְתְּ,Zaraktem,זְרַקְתֶּם,Zarakten,זְרַקְתֶּן,Zarku,זָרְקוּ,Zarku,זָרְקוּ,Zarak,זָרַק,Zarka,זָרְקָה,Zaraknu,זָרַקְנוּ
Touch,La-gaat,לָגַעַת,Nogea/Nogaat,נוֹגֵעַ/נוֹגַעַת,Nogim/Nogot,נוֹגְעִים/נוֹגְעוֹת,Touch,Ga'ati,נָגַעְתִּי,Ga'ata,נָגַעְתָּ,Ga'at,נָגַעְתְּ,Ga'atem,נְגַעְתֶּם,Ga'aten,נְגַעְתֶּן,Ga'u,נָגְעוּ,Ga'u,נָגְעוּ,Naga,נָגַע,Naga'a,נָגְעָה,Naga'nu,נָגַעְנוּ
Travel,Lin-soa,לִנְסוֹעַ,Nosea/Nosaat,נוֹסֵעַ/נוֹסַעַת,Nosim/Nosot,נוֹסְעִים/נוֹסְעוֹת,Travel,Nasati,נָסַעְתִּי,Nasata,נָסַעְתָּ,Nasat,נָסַעְתְּ,Nasatem,נְסַעְתֶּם,Nasaten,נְסַעְתֶּן,Nasu,נָסְעוּ,Nasu,נָסְעוּ,Nasa,נָסַע,Nasa'a,נָסְעָה,Nasanu,נָסַעְנוּ
Try,Le-nasot,לְנַסּוֹת,Mena-se/Mena-sa,מְנַסֶּה/מְנַסָּה,Menassim/Menasot,מְנַסִּים/מְנַסּוֹת,Try,Nisiti,נִסִּיתִי,Nisita,נִסִּיתָ,Nisit,נִסִּית,Nisitem,נִסִּיתֶם,Nisiten,נִסִּיתֶן,Nisu,נִסּוּ,Nisu,נִסּוּ,Nisa,נִסָּה,Nista,נִסְּתָה,Nisinu,נִסִּינוּ
Understand,La-havin,לְהָבִין,Mevin/Mevina,מֵבִין/מְבִינָה,Mevinim/Mevinot,מְבִינִים/מְבִינוֹת,Understand,Hevanti,הֵבַנְתִּי,Hevanta,הֵבַנְתָּ,Hevant,הֵבַנְתְּ,Hevantem,הֲבַנְתֶּם,Hevanten,הֲבַנְתֶּן,Hevinu,הֵבִינוּ,Hevinu,הֵבִינוּ,Hevin,הֵבִין,Hevina,הֵבִינָה,Hevannu,הֵבַנּוּ
Use,Le-hishtamesh,לְהִשְׁתַּמֵּשׁ,Mishtamesh/Mishtameshet,מִשְׁתַּמֵּשׁ/מִשְׁתַּמֶּשֶׁת,Mishtamshim/Mishtamshot,מִשְׁתַּמְּשִׁים/מִשְׁתַּמְּשׁוֹת,Use,Hishtamashti,הִשְׁתַּמַּשְׁתִּי,Hishtamashta,הִשְׁתַּמַּשְׁתָּ,Hishtamasht,הִשְׁתַּמַּשְׁתְּ,Hishtamashtem,הִשְׁתַּמַּשְׁתֶּם,Hishtamashten,הִשְׁתַּמַּשְׁתֶּן,Hishtamshu,הִשְׁתַּמְּשׁוּ,Hishtamshu,הִשְׁתַּמְּשׁוּ,Hishtamesh,הִשְׁתַּמֵּשׁ,Hishtamsha,הִשְׁתַּמְּשָׁה,Hishtamasנו,הִשְׁתַּמַּשְׁנוּ
Visit,Le-vaker,לְבַקֵּר,Mevaker/Mevakeret,מְבַקֵּר/מְבַקֶּרֶת,Mevakerim/Mevakerot,מְבַקְּרִים/מְבַקְּרוֹת,Visit,Bikarti,בִּקַּרְתִּי,Bikarta,בִּקַּרְתָּ,Bikart,בִּקַּרְתְּ,Bikartem,בִּקַּרְתֶּם,Bikarten,בִּקַּרְתֶּן,Bikru,בִּקְּרוּ,Bikru,בִּקְּרוּ,Biker,בִּקֵּר,Bikra,בִּקְּרָה,Bikarnu,בִּקַּרְנוּ
Want,Lirtzot,לִרְצוֹת,Rotze/Rotza,רוֹצֶה/רוֹצָה,Rotzim/Rotzot,רוֹצִים/רוֹצוֹת,Want,Ratziti,רָצִיתִי,Ratzita,רָצִיתָ,Ratzit,רָצִית,Ratzitem,רְצִיתֶם,Ratziten,רְצִיתֶן,Ratzu,רָצוּ,Ratzu,רָצוּ,Ratza,רָצָה,Ratzta,רָצְתָה,Ratzinu,רָצִינוּ
Watch,Litz-pot,לִצְפּוֹת,Tzofe/Tzofa,צוֹפֶה/צוֹפָה,Tzofim/Tzofot,צוֹפִים/צוֹפוֹת,Watch,Tzafiti,צָפִיתִי,Tzafita,צָפִיתָ,Tzafit,צָפִית,Tzafitem,צְפִיתֶם,Tzafiten,צְפִיתֶן,Tzafu,צָפוּ,Tzafu,צָפוּ,Tzafa,צָפָה,Tzafta,צָפְתָה,Tzafinu,צָפִינוּ
Wear,Lil-bosh,לִלְבּוֹשׁ,Lovesh/Loveshet,לוֹבֵשׁ/לוֹבֶשֶׁת,Lovshim/Lovshot,לוֹבְשִׁים/לוֹבְשׁוֹת,Wear,Lavashti,לָבַשְׁתִּי,Lavashta,לָבַשְׁתָּ,Lavasht,לָבַשְׁתְּ,Lavashtem,לְבַשְׁתֶּם,Lavashten,לְבַשְׁתֶּן,Lavshu,לָבְשׁוּ,Lavshu,לָבְשׁוּ,Lavash,לָבַשׁ,Lavsha,לָבְשָׁה,Lavashnu,לָבַשְׁנוּ
Wear (shoes),Lin-ol,לִנְעֹל,Noel/Noelet,נוֹעֵל/נוֹעֶלֶת,Noalim/Noalot,נוֹעֲלִים/נוֹעֲלוֹת,Wear (shoes),Na'alti,נָעַלְתִּי,Na'alta,נָעַלְתָּ,Na'alt,נָעַלְתְּ,Na'altem,נְעַלְתֶּם,Na'alten,נְעַלְתֶּן,Na'alu,נָעֲלוּ,Na'alu,נָעֲלוּ,Na'al,נָעַל,Na'ala,נָעֲלָה,Na'alnu,נָעַלְנוּ
Wish,Le-achel,לְאַחֵל,Meachel/Meachelet,מְאַחֵל/מְאַחֶלֶת,Meachlim/Meachlot,מְאַחֲלִים/מְאַחֲלוֹת,Wish,Ichalti,אִחַלְתִּי,Ichalta,אִחַלְתָּ,Ichalt,אִחַלְתְּ,Ichaltem,אִחַלְתֶּם,Ichalten,אִחַלְתֶּן,Ichalu,אִחֲלוּ,Ichalu,אִחֲלוּ,Ichal,אִחֵל,Ichala,אִחֲלָה,Ichalnu,אִחַלְנוּ
Work,La-avod,לַעֲבוֹד,Oved/Ovedet,עוֹבֵד/עוֹבֶדֶת,Ovdim/Ovdot,עוֹבְדִים/עוֹבְדוֹת,Work,Avadti,עָבַדְתִּי,Avadta,עָבַדְתָּ,Avadt,עָבַדְתְּ,Avadtem,עֲבַדְתֶּם,Avadten,עֲבַדְתֶּן,Avdu,עָבְדוּ,Avdu,עָבְדוּ,Avad,עָבַד,Avda,עָבְדָה,Avadnu,עָבַדְנוּ
Write,Lich-tov,לִכְתּוֹב,Kotev/Kotevet,כּוֹתֵב/כּוֹתֶבֶת,Kotvim/Kotvot,כּוֹתְבִים/כּוֹתְבוֹת,Write,Katavti,כָּתַבְתִּי,Katavta,כָּתַבְתָּ,Katavt,כָּתַבְתְּ,Katavtem,כְּתַבְתֶּם,Katavten,כְּתַבְתֶּן,Katvu,כָּתְבוּ,Katvu,כָּתְבוּ,Katav,כָּתַב,Katva,כָּתְבָה,Katavnu,כָּתַבְנוּ