Root Noun,Singular,Hebrew,Plural,Hebrew
Address,Ketovet,כְּתֹבֶת,Ketovot,כְּתֹבוֹת
Airport,Nmal te-ufa,נְמַל תְּעוּפָה,Nmaley te-ufa,נִמְלֵי תְּעוּפָה
Alcoholic Beverage,Mashke charifi,מַשְׁקֶה חָרִיפִי,Mashkaot Charifi,מַשְׁקָאוֹת חֲרִיפִים
Answer,Tshuva,תְּשׁוּבָה,Tshuvot,תְּשׁוּבוֹת
Apartment,Di-ra,דִּירָה,Dirot,דִּירוֹת
Architect,Adrichal/Adrichalit,אַדְרִיכָל/אַדְרִיכָלִית,Adrichalim/Adrichaliot,אַדְרִיכָלִים/אַדְרִיכָלִיּוֹת
Artist,Oman/Omanit,אָמָּן/אָמָּנִית,Omanim/Omaniot,אָמָּנִים/אָמָּנִיּוֹת
Baby,Tinok/Tinoket,תִּינוֹק/תִּינוֹקֶת,Tinokim/Tinokot,תִּינוֹקִים/תִּינוֹקוֹת
Back ,Gav,גַּב,Gavim,גַּבִּים
Backpack,Yalkut,יַלְקוּט,Yalkutim,יַלְקוּטִים
Ball,Kadur,כַּדּוּר,Kadurim,כַּדּוּרִים
Bear,Dov/Dov-a,דֹּב/דֻּבָּה,Dubim/Dubot,דֻּבִּים/דֻּבּוֹת
Bed ,Mi-ta,מִטָּה,Mitot,מִטּוֹת
Bedroom,Chadar sheina,חֶדֶר שֵׁנָה,Chadarei sheina,חַדְרֵי שֵׁנָה
Beef,Ba-kar,בָּקָר,,
Beginning,Hat-chala,הַתְחָלָה,Hatchalot,הַתְחָלוֹת
Belt,Chagora,חֲגוֹרָה,Chagorot,חֲגוֹרוֹת
Beverage/Drink,Mash-ke,מַשְׁקֶה,Mashkaot,מַשְׁקָאוֹת
Boot,Magaf,מַגָּף,Magafaim,מַגָּפַיִם
Bracelet,Tzamid,צָמִיד,Tzmidim,צְמִידִים
Brain,Moach,מוֹחַ,Mochot,מוֹחוֹת
Break,Hav-sa-ka,הַפְסָקָה,Havsakot,הַפְסָקוֹת
Brother,Ach,אָח,Achim,אַחִים
Brother-in-law,Gis,גִּיס,Gisim,גִּיסִים
Blueberry,Uch-man-iya,אֻכְמָנִיָּה,Uch-man-iot,אֻכְמָנִיּוֹת
Board/Calendar,Luach,לוּחַ,Luchot,לוּחוֹת
Body,Guf,גּוּף,Gufim,גּוּפִים
Book,Sefer,סֵפֶר,Sfarim,סְפָרִים
Booklet/Pamphlet,Choveret,חוֹבֶרֶת,Chov-rot,חוֹבְרוֹת
Bone,Eztem,עֶצֶם,Atzamot,עֲצָמוֹת
Bowl,Ke-a-ra,קְעָרָה,Kearot,קְעָרוֹת
Building,Binyan,בִּנְיָן,Binyanim,בִּנְיָנִים
Bull,Par,פַּר,Parim,פָּרִים
Butter,Chem-ah,חֶמְאָה,,
Butterfly,Par-pa,פַּרְפַּר,Parparim,פַּרְפָּרִים
Cancer/Crab,Sar-tan,סַרְטָן,Sartanim,סַרְטָנִים
Carrot,Gezer,גֶּזֶר,Gzarim,גְּזָרִים
Cauliflower,Cruv,כְּרוּב,Cruvim,כְּרוּבִים
Chalk,Gir,גִּיר,Girim,גִּירִים
Cherry,Duv-devan,דּוּבְדְבָן,Duvdevantim,דּוּבְדְבָנִים
Chest,Cha-ze,חָזֶה,Chazot,חָזוֹת
Chick,Goz-al,גּוֹזָל,Gozalim,גּוֹזָלִים
Chicken (food),Of,עוֹף,Ofot,עוֹפוֹת
Chicken (animal),Tarne-gol/Tarne-golet,תַּרְנְגוֹל/תַּרְנְגוֹלֶת,Tarnegolim/Tarnegolot,תַּרְנְגוֹלִים/תַּרְנְגוֹלוֹת
City,Ir,עִיר,Arim,עָרִים
Clothing,Beged,בֶּגֶד,Begadim,בְּגָדִים
Closet,Aron,אָרוֹן,Aronot,אֲרוֹנוֹת
Coat,Me-il,מְעִיל,Me-ilim,מְעִילִים
Confusion/Chaos,Bilbul,בִּלְבּוּל,Bilbulim,בִּלְבּוּלִים
Color,Tzeva,צֶבַע,Tzvayim,צְבָעִים
Cook ,Tabach,טַבָּח,Tabachim,טַבָּחִים
Country,Eretz,אֶרֶץ,Aratzot,אֲרָצוֹת
Costume,Tach-poset,תַּחְפֹּשֶׂת,Tach-posot,תַּחְפֹּשׂוֹת
Cow,Pa-ra,פָּרָה,Parot,פָּרוֹת
Cup,Kos,כּוֹס,Kosot,כּוֹסוֹת
Curtain,Vilon,וִילוֹן,Vilonot,וִילוֹנוֹת
Daughter-in-law,Kala,כַּלָּה,Kalot,כַּלּוֹת
Dentist,Rofe/rofat shinayim ,רוֹפֵא/רוֹפְאַת שִׁנַּיִם,Rofei/Rofot shinayim,רוֹפְאֵי/רוֹפְאוֹת שִׁנַּיִם
Dessert,Kinuach,קִנּוּחַ,,
Difference,Hevedel,הֶבְדֵּל,Hevedelim,הֶבְדֵּלִים
Dining Room,Chadar ochel,חֶדֶר אוֹכֶל,Chadrei ochel,חַדְרֵי אוֹכֶל
Director,Bamai/Bama-it,בַּמַּאי/בַּמָּאִית,Bamaim/Bama-iyot,בַּמָּאִים/בַּמָּאִיּוֹת
Doctor,Rofe/Rofa,רוֹפֵא/רוֹפְאָה,Rofim/Rofot,רוֹפְאִים/רוֹפְאוֹת
Donkey,Cha-mor,חֲמוֹר,Chamorim,חֲמוֹרִים
Door,Delet,דֶּלֶת,Dlatot,דְּלָתוֹת
Dove,Yo-na,יוֹנָה,Yonim,יוֹנִים
Drawing,Tziur,צִיּוּר,Tziurim,צִיּוּרִים
Dress,Sim-la,שִׂמְלָה,Simlot,שִׂמְלוֹת
Driver,Nahag ,נַהָג,Nahagim,נַהָגִים
Duck,Bar-vaz/Va-za,בַּרְוָז/בַּרְוָזָה,Barvazim/Barvazot,בַּרְוָזִים/בַּרְוָזוֹת
Eagle,Ne-sher,נֶשֶׁר,Nesharim,נְשָׁרִים
Ear,O-zen,אֹזֶן,Oznayim,אָזְנַיִם
Engineer,Mehandes/Mehandeset,מְהַנְדֵּס/מְהַנְדֶּסֶת,Mehandesim/Mehandesot,מְהַנְדְּסִים/מְהַנְדְּסוֹת
Entrance,Knisa,כְּנִיסָה,Knisot,כְּנִיסוֹת
Example,Dugma,דֻּגְמָה,Dugmaot,דֻּגְמָאוֹת
Exit,Yetzia,יְצִיאָה,Yetziot,יְצִיאוֹת
Eye,Ayin,עַיִן,Enayim,עֵינַיִם
Eyebrow,Gav-a,גַּבָּה,Gavot,גַּבּוֹת
Farmer,Chakayi/Chakayit,חַקַּאי/חַקָּאִית,Chaka-im/Chaka-iot,חַקָּאִים/חַקָּאִיּוֹת
Finger,Etzba,אֶצְבַּע,Etzbaot,אֶצְבָּעוֹת
Flag,Degel,דֶּגֶל,Degalim,דְּגָלִים
Flour,Ke-mach,קֶמַח,,
Flower,Perach,פֶּרַח,Prachim,פְּרָחִים
Fly,Zvuv,זְבוּב,Zvuvim,זְבוּבִים
Foot,Kaf regel,כַּף רֶגֶל,Kapot raglaim,כַּפּוֹת רַגְלַיִם
Furniture,Rehit,רהיט,Rehitim,רְהִיטִים
Garden,Gan,גַּן,Ganim,גַּנִּים
Gift,Matana,מַתָּנָה,Matanot,מַתָּנוֹת
Glasses (to see),Mishkafayim,מִשְׁקָפַיִם,,
Glove,Kfafa,כְּפָפָה,Kfafot,כְּפָפוֹת
Granddaughter,Nechda,נֶכְדָּה,Nechadot,נְכָדוֹת
Grandson,Neched,נֶכֶד,Nechadim,נְכָדִים
Grape,Anach,עֲנָב,Anavim,עֲנָבִים
Grapefruit,Eskolit,אֶשְׁכּוֹלִית,Eskoliot,אֶשְׁכּוֹלִיּוֹת
Great granddaughter,Nin-ah,נִינָה,Ninot,נִינוֹת
Great grandson,Nin,נִין,Ninim,נִינִים
Guard,Shomer/Shomeret,שׁוֹמֵר/שׁוֹמֶרֶת,Shomrim/Shomrot,שׁוֹמְרִים/שׁוֹמְרוֹת
Guest,Oreach/Orachat,אוֹרֵחַ / אוֹרַחַת,Orchim/Orchot,אוֹרְחִים/אוֹרְחוֹת
Hair,Se-ar,שֵׂעָר,,
Hand,Yad,יָד,Yadaim,יָדַיִם
Hat,KO-va,כּוֹבַע,Kovaim,כּוֹבָעִים
Head,Rosh,רֹאשׁ,Rashim,רָאשִׁים
Heart,Lev,לֵב,Levavot,לְבָבוֹת
Honey,Dvash,דְּבַשׁ,,
Hotel,Malon,מָלוֹן,Melonot,מְלוֹנוֹת
Hour,Sha-a,שָׁעָה,Sha-ot,שָׁעוֹת
Husband,Ba-al,בַּעַל,Ba-alim,בְּעָלִים
Idea,Ra-ayon,רַעְיוֹן,Ra-yonot,רַעְיוֹנוֹת
Idiot,Tembel/Tembelet,טֶמְבֶּל/טֶמְבֶּלֶת,Tembe-lim/Tembe-lot,טֶמְבְּלִים/טֶמְבְּלוֹת
Immigrant,Oleh.Olah,עוֹלֶה / עוֹלָה,Olim/Olot,עוֹלִים/עוֹלוֹת
Information,Mei-da,מֵידָע,,
Internship,Hitmachut,הִתְמַחוּת,Hitmachuyot,הִתְמַחֻיּוֹת
Ingredient,Mitzrach,מִצְרָךְ,Mitzrachim,מִצְרָכִים
Insect,Cherek/Juk (bug),חֶרֶק,Charakim,חֲרָקִים
Jam/Jelly,Ri-ba,רִבָּה,Ribot,רִבּוֹת
Jewelry,Tach-shit,תַּכְשִׁיט,Tachshitim,תַּכְשִׁיטִים
Judge,Shofet,שׁוֹפֵט,Shoftim,שׁוֹפְטִים
Juice,Mitz,מִיץ,,
Key,Mafteach,מַפְתֵּחַ,Maftechot,מַפְתְּחוֹת
Kitchen,Mit-bach,מִטְבָּח,Mitbachim,מִטְבָּחִים
Knee,Beh-rech,בֶּרֶךְ,Bir-kayim,בִּרְכַּיִם
Leaf,Aleh,עָלֶה,Alim,עָלִים
Lake,Agam,אֲגַם,Agamim,אֲגַמִּים
Lawyer,Orech din/Orechet din,עוֹרֵךְ דִּין/עוֹרֶכֶת דִּין,Orchei din/Orchot din,עוֹרְכֵי דִּין/עוֹרְכוֹת דִּין
Leg,Regel,רֶגֶל,Raglaim,רַגְלַיִם
Lesson,Shiur,שִׁיעוּר,Shiurim,שִׁיעוּרִים
Letter/Message,Michtav,מִכְתָּב,Michtavim,מִכְתָּבִים
Library,Sifria,סִפְרִיָּה,Sifriyot,סִפְרִיּוֹת
Line,Kav,קַו,Kavim,קַוִּים
Living Room,Salon,סָלוֹן,Salonim,סָלוֹנִים
Meal,Arucha,אֲרוּחָה,Aruchot,אֲרוּחוֹת
Menu,Tafrit,תַּפְרִיט,Tafritim,תַּפְרִיטִים
Minute,Da-ka,דַּקָּה,Dakot,דַּקּוֹת
Mistake,Ta-ut,טָעוּת,Ta-uyot,טָעֻיּוֹת
Model,Dugman/Dugmanit,דֻּגְמָן/דֻּגְמָנִית,Dugmanim/Dugmaniyot,דֻּגְמָנִים/דֻּגְמָנִיּוֹת
Monkey,Kof,קוֹף,Kofim,קוֹפִים
Month,Chodesh,חֹדֶשׁ,Chodashim,חֳדָשִׁים
Mouse,Achbar,עַכְבָּר,Achbarim,עַכְבָּרִים
Mouth,Peh,פֶּה,Pehiyot,פֶּהוֹת
Mushroom,Petria,פִּטְרִיָּה,Petriot,פִּטְרִיּוֹת
Musician,Musicai/Musicait,מוּזִיקַאי/מוּזִיקָאִית,Musicaiim/Musicaiyot,מוּזִיקָאִים/מוּזִיקָאִיּוֹת
Napkin,Mapit,מַפִּית,Mapiyot,מַפִּיּוֹת
Necklace/Chain,Shar-sheret,שַׁרְשֶׁרֶת,Sharsharot,שַׁרְשָׁרוֹת
Nephew,Achyan,אַחְיָן,Achyanim,אַחְיָנִים
News,,,Chadashot ,חֲדָשׁוֹת
Newspaper,Iton,עִתּוֹן,Itonim,עִתּוֹנִים
Niece,Achyanit,אַחְיָנִית,Achyaniot,אַחְיָנִיּוֹת
Nose,Af,אַף,Apim,אַפַּיִם
Notebook,Machberet,מַחְבֶּרֶת,Machbarot,מַחְבָּרוֹת
Number,Mispar,מִסְפָּר,Misparim,מִסְפָּרִים
Nut,Ehgoz,אֱגוֹז,Egozim,אֱגוֹזִים
Office,Misrad,מִשְׂרָד,Misradim,מִשְׂרָדִים
Officer,Katzin/Ktzina,קָצִין/קְצִינָה,Katzinim/Ktzinot,קָצִינִים/קְצִינוֹת
Oil,Shemen,שֶׁמֶן,Shemanim,שְׁמָנִים
Olive,Zait,זַיִת,Zaytim,זֵיתִים
Onion,Bet-zal,בָּצָל,Btzalim,בְּצָלִים
Owl,Yen-shufv,יַנְשׁוּף,Yanshufim,יַנְשׁוּפִים
Page,Amood,עַמּוּד,Amudim,עַמּוּדִים
Painter,Tzayar/Tzayeret,צַיָּר/צַיֶּרֶת,Tzayarim/Tzayarot,צַיָּרִים/צַיָּרוֹת
Pair/couple,Zug,זוּג,Zugot,זוּגוֹת
Pants,Michna-tzaym,מִכְנָסַיִם,,
Partner,Shutaf/Shutafa,שׁוּתָף/שׁוּתָפָה,Shutafim/Shutafot,שׁוּתָפִים/שׁוּתָפוֹת
Passport,Darkon,דַּרְכּוֹן,Darkonim,דַּרְכּוֹנִים
Past,Avar,עָבָר,,
Peach,Afarsek,אֲפַרְסֶק,Afarsekim,אֲפַרְסְקִים
Peanut,Bo-ten,בֹּטֶן,Botnim,בֹּטְנִים
Pear,Agas,אֲגָס,Agasim,אֲגָסִים
Pen,Et,עֵט,Etim,עֵטִים
Pencil,Iparon,עִפָּרוֹן,Efranot,עִפָּרוֹנִים
Person,Gever/Isha,גֶּבֶר/אִשָּׁה,Gvarim/Nashim,גְּבָרִים/נָשִׁים
Pet,ChaiAt Machmad,חַיַּת מַחְמָד,Chayot Machmad,חַיּוֹת מַחְמָד
Pianist,Psan-tran/Psantranit,פְּסַנְתְּרָן/פְּסַנְתְּרָנִית,Psanteranim/Psantraniyot,פְּסַנְתְּרָנִים/פְּסַנְתְּרָנִיּוֹת
Piano,Psan-tEr,פְּסַנְתֵּר,Psanterim,פְּסַנְתֵּרִים
Piece,Chatika,חֲתִיכָה,Chatichot,חֲתִיכוֹת
Picture,Tmuna,תְּמוּנָה,Tmunot,תְּמוּנוֹת
Pig/Pork,Chazir,חֲזִיר,Chazirim,חֲזִירִים
Place,Makom,מקום,Mekomot,מְקוֹמוֹת
Pocket,Kis,כִּיס,Kisot,כִּיסִים
Police,Shoter,שׁוֹטֵר,Shotrim,שׁוֹטְרִים
Pouring Rain,Ma-bul,מַבּוּל,,
Pot,Sir,סִיר,Sirim,סִירִים
Potato,Tapuach Adama,תַּפּוּחַ אֲדָמָה,Tapuchei adama,תַּפּוּחֵי אֲדָמָה
Profession,Miktzoa,מִקְצוֹעַ,Miktzo-ot,מִקְצוֹעוֹת
Psychologist,Psicholog/psichologit,פְּסִיכוֹלוֹג / פְּסִיכוֹלוֹגִית,Psichologim,פְּסִיכוֹלוֹגִים
Rabbit,Sha-fan,שָׁפָן,Shfanim,שְׁפָנִים
Reason,Si-ba,סִבָּה,Sibot,סִבּוֹת
Recipe,Matkon,מַתְכּוֹן,Matkonim,מַתְכּוֹנִים
Refrigerator,Mikhar,מְקָרֵר,Mikharim,מְקָרְרִים
Ring,Taba-at,טַבַּעַת,Taba-ot,טַבָּעוֹת
Road/Way/Path,Derech,דֶּרֶךְ,Drakhim,דְּרָכִים
Roof,Gag,גַּג,Gagot,גַּגּוֹת
Room,Cheder,חֶדֶר,Chadarim,חֲדָרִים
Seconds,Shniya,שְׁנִיָּה,Shniyot,שְׁנִיּוֹת
Salt,Melach,מֶלַח,,
Sauce,Rotev,רוֹטֶב,Rotavim,רְטָבִים
Scarf,Tzayif,צָעִיף,Tzaifim,צְעִיפִים
School,Betsefer,בֵּית סֵפֶר,Batei sefer,בָּתֵּי סֵפֶר
Secretary,Mazkir/Mazkira,מַזְכִּיר / מַזְכִּירָה,Mazkirim/Mazkirot,מַזְכִּירִים/מַזְכִּירוֹת
Service,Sherut,שֵׁרוּת,Sherutim,שֵׁרוּתִים
Shirt,Chul-tza,חֻלְצָה,Chultzot,חֻלְצוֹת
Shoe,Na-al,נַעַל,Na-a-laim,נְעָלַיִם
Shoulder,Kah-tef,כָּתֵף,Ktefayim,כְּתֵפַיִם
Sister,Achot,אָחוֹת,Achayot,אַחְיוֹת
Sister-in-law,Gis-ah,גִּיסָה,Gisot,גִּיסוֹת
Skin,Or,עוֹר,,
Skirt,Chatzait,חֲצָאִית,Chatzaiyot,חֲצָאִיּוֹת
Slippers,Ne-al bait,נַעֲלֵ בַּיִת,Na-alei bait,נעלי בית
Snake,Nachash,נָחָשׁ,Nechashim,נְחָשִׁים
Soap,Savon,סַבּוֹן,Savonim,סַבּוֹנִים
Sock,Gerev,גרב,Gravi-im,גַּרְבַּיִם
Spider,Akavish,עַכָּבִישׁ,Akavishim,עַכָּבִישִׁים
Spoon (big),Kaf,כַּף,Kapot,כַּפּוֹת
Spoon (little),Ka-pit,כַּפִּית,Kapiot,כַּפִּיּוֹת
Station,Tachana,תַּחֲנָה,Tachanot,תַּחֲנוֹת
Stomach,Keva,קֵבָה,Kevot,קֵבוֹת
Store,Chanut,חֲנוּת,Chanuyot,חֲנוּיוֹת
Story,Sipor,סִפּוּר,Sipurim,סִפּוּרִים
Suit,Chali-fa,חֲלִיפָה,Chalifot,חֲלִיפוֹת
Sunglasses,Mishkefe Shemesh,מִשְׁקְפֵי שֶׁמֶשׁ,,
Social worker,Oved/Ovedet Sozialit,עוֹבֵד/עוֹבֶדֶת סוֹצְיָאלִית,Ovdim/Ovdot Sozialiyot,עוֹבְדִים/עוֹבְדוֹת סוֹצְיָאלִיּוֹת
Soldier,Chaiyal/Chayelet,חַיָּל/חַיֶּלֶת,Chayalim/Chayalot,חַיָּלִים/חַיָּלוֹת
Son-in-law,Chatan,חָתָן,Chatanim,חֲתָנִים
Step (for relative),Cho-reg,חוֹרֵג,,
Sweet,Mam-tik/Mam-tika,מַמְתִּיק/מַמְתִּיקָה,Mam-ta-kim/Mamtikot,מַמְתִּיקִים/מַמְתִּיקוֹת
Tail,Zanav,זָנָב,Ze-navot,זְנָבוֹת
Team/Staff,Tzevet,צֶוֶת,Tzvatim,צְוָתִים
Therapist,Metapel / Metapelet,מְטַפֵּל/מְטַפֶּלֶת,Metaplim/Metaplot,מְטַפְּלִים/מְטַפְּלוֹת
Tie,Ani-va,עֲנִיבָה,Anivot,עֲנִיבוֹת
Toe,Etzba regel,אֶצְבַּע רֶגֶל,Etzbaot raglaim,אֶצְבְּעוֹת רַגְלַיִם
Toilet paper,Niyar toalet,נְיָר טוֹאַלֵט,,
Tomato,Agvania,עַגְבָנִיָּה,Agvaniyot,עַגְבָנִיּוֹת
Tooth,Shen,שֵׁן,Shi-nayim,שִׁנַּיִם
Towel,Magvet,מַגֶּבֶת,Magavot,מַגָּבוֹת
Traffic,Tnu-a,תְּנוּעָה,,
Trash,Zevel,זֶבֶל,,
Treasure,Otzar,אוֹצָר,Otzarot,אוֹצָרוֹת
Trip,Tiyul,טִיּוּל,Tiyulim,טִיּוּלִים
Truck/Van,Masa-it,מַשָּׂאִית,Masa-iot,מַשָּׂאִיּוֹת
Truth,Emet,אֱמֶת,,
Turtle,Tsav,צָב,Tsavim,צַבִּים
Silverware,Sa-cum,סַכּוּ״ם,,
Vegetable,Ye-rek,יֶרֶק,Yerakot,יְרָקוֹת
Violinist,Kanar/Kanarit,כַּנָּר/ כַּנָּרִית,Kanarim/Kanariyot,כַּנָּרִים/כַּנָּרִיּוֹת
Volunteer,Mitnadev/Mitnadevet,מִתְנַדֵּב/מִתְנַדֶּבֶת,Mitnadavim/Mitnadavot,מִתְנַדְּבִים/מִתְנַדְּבוֹת
Waiter,Meltzar,מֶלְצַר,Meltzarim,מֶלְצָרִים
Watch,Shaon,שָׁעוֹן,Shaonim,שְׁעוֹנִים
Waves,Gal,גַּל,Galim,גַּלִּים
Weekend,Sof shavua,סוֹף שָׁבוּעַ,,
Window,Chalon,,Chalonot,
Winner/Conductor,Menatzeach/Menatzachat,מְנַצֵּחַ/מְנַצַּחַת,Menatzechim/Menatzchot,מְנַצְּחִים/מְנַצְּחוֹת
Word,Mi-la,מִלָּה,Milim,מִלִּים
Workbook,Choveret,חוֹבֶרֶת,Chovrot,חוֹבְרוֹת
Writer,Sopher,סוֹפֵר,Sophrim,סוֹפְרִים
Year,Sha-na,שָׁנָה,Shanim,שָׁנִים