Root Adjective,Singular,Hebrew,Plural,Hebrew
All,Kol,כֹּל,,
Already,Kvar,כְּבָר,,
A Lot,Harbeh,הַרְבֵּה,,
A LOT A Lot,Hamon,הֲמוֹן,,
Ancient,Atik/Atika,עַתִּיק/עַתִּיקָה,Atikim/Atikot,עַתִּיקִים/עַתִּיקוֹת
Angry,Ko-es/Koeset,כּוֹעֵס/כּוֹעֶסֶת,Ko-asim/Ko-asot,כּוֹעֲסִים/כּוֹעֲסוֹת
Anxious,Chared/Chareda,חָרֵד/חֲרֵדָה,Charedim/Charedot,חֲרֵדִים/חֲרֵדוֹת
Available,Panui/Pnuya,פָּנוּי/פְּנוּיָה,Pnuyim/Pnuyot,פְּנוּיִים/פְּנוּיוֹת
Beautiful,Yafe/Yafa,יָפֶה/יָפָה,Yafim/Yafot,יָפִים/יָפוֹת
Big,Gadol/Gdola,גָּדוֹל/גְּדוֹלָה,Gdolim/Gdolot,גְּדוֹלִים/גְּדוֹלוֹת
Bitter,Mar/Mara,מַר/מָרָה,Marim/Marot,מָרִים/מָרוֹת
Boring,Meshamem/Meshamemet,מְשַׁעֲמֵם/מְשַׁעֲמֶמֶת,Meshamemim/Meshamemot,מְשַׁעֲמְמִים/מְשַׁעֲמְמוֹת
Busy,Asuk/Asuka,עָסוּק/עֲסוּקָה,Asukim/Asukot,עֲסוּקִים/עֲסוּקוֹת
Carbonated,Mugaz/Mugazet,מֻגָּז/מֻגֶּזֶת,Mugazim/Mugazot,מֻגָּזִים/מֻגָּזוֹת
Cheap,Zol/Zola,זוֹל/זוֹלָה,Zolim/Zolot,זוֹלִים/זוֹלוֹת
Clean,Na-ki/Ne-ki-ah,נָקִי/נְקִיָּה,Nekiim/Nekiyot,נְקִיִּים/נְקִיּוֹת
Close/Near,Ka-rov/Krov-ah,קָרוֹב/קְרוֹבָה,Krovim/Krovot,קְרוֹבִים/קְרוֹבוֹת
Cold,Kar/Ka-ra,קַר/קָרָה,Karim/Karot,קָרִים/קָרוֹת
Colorful,Tzivoni'Tzivonit,צִבְעוֹנִי/צִבְעוֹנִית,Tzivoniim/Tzivoniyot,צִבְעוֹנִיִּים/צִבְעוֹנִיּוֹת
Complete/Perfect,Mushlam/Mushlemet,מֻשְׁלָם/מֻשְׁלֶמֶת,Mushlamim/Mushlamot,מֻשְׁלָמִים/מֻשְׁלָמוֹת
Confusing,Mevalbel/Mevalbelet,מְבַלְבֵּל/ מְבַלְבֶּלֶת,Mevalbelim/Mevalbelot,מְבַלְבְּלִים/מְבַלְבְּלוֹת
Crazy,Meshuga/Meshugaat,מְשֻׁגָּע/מְשֻׁגַּעַת,Meshugaim/Meshugaot,מְשֻׁגָּעִים/מְשֻׁגָּעוֹת
Dangerous,Mesukan/Mesukenet,מְסֻכָּן/מְסֻכֶּנֶת,Mesukanim/Mesukanot,מְסֻכָּנִים/מְסֻכָּנוֹת
Depressed,Dikaoni/Dikaonit,דִּכָּאוֹנִי/דִּכָּאוֹנִית,Dikaoniim/Dikaoniyot,דִּכָּאוֹנִיִּים/דִּכָּאוֹנִיּוֹת
Different,Shoneh/Shona,שׁוֹנֶה/שׁוֹנָה,Shonim/Shonot,שׁוֹנִים/שׁוֹנוֹת
Difficult,Kash/Kasha,קָשֶׁה/קָשָׁה,Kashim/Kashot,קָשִׁים/קָשׁוֹת
Dirty,Meluchlach/Meluchlechet,מְלוּכְלָךְ/מְלוּכְלֶכֶת,Meluchlachim/Meluchlachot,מְלוּכְלָכִים/מְלוּכְלָכוֹת
Disapointed,Meuchzav/Meuchzevet,מְאֻכְזָב/מְאֻכְזֶבֶת,Meuchzavim/Meuchzavot,מְאֻכְזָבִים/מְאֻכְזָבוֹת
Dry,Yavesh/Yevesha,יָבֵשׁ/יְבֵשָׁה,Yaveshim/Yaveshot,יְבֵשִׁים/יְבֵשׁוֹת
Early,Mukdam/Mukdemet,מוּקְדָם/מוּקְדֶמֶת,Mukdamim/Mukdamot,מוּקְדָמִים/מוּקְדָמוֹת
Easy,Kal/Kala,קַל/קַלָּה,Kalim/Kalot,קַלִּים/קַלּוֹת
Empty,Rek/Rek-ah,רֵיק/רֵיקָה,Rekim/Rekot,רֵיקִים/רֵיקוֹת
Excellent (pt. 1),Metzuyan/Metzuyenet,מְצֻיָּן/מְצֻיֶּנֶת,Metzuyanim/Metzuyanot,מְצֻיָּנִים/מְצֻיָּנוֹת
Excellent (pt. 2),Me-uleh/Meulah,מְעוּלֶה/מְעוּלָה,Meulim/Meulot,מְעוּלִים/מְעוּלוֹת
Excited,Mitragesh/Mitrageshet,מִתְרַגֵּשׁ/מִתְרַגֶּשֶׁת,Mitragshim/Mitragshot,מִתְרַגְּשִׁים/מִתְרַגְּשׁוֹת
Expensive,Yakar/Yekara,יָקָר/יְקָרָה,Yekarim/Yekarot,יְקָרִים/יְקָרוֹת
Far,Rachok/Rechoka,רָחוֹק/רְחוֹקָה,Rechokim/Rechokot,רְחוֹקִים/רְחוֹקוֹת
Fast,Mahir/Mehira,מָהִיר/מְהִירָה,Mehirim/Mehirot,מְהִירִים/מְהִירוֹת
First,Rishon/Rishona,רִאשׁוֹן/רִאשׁוֹנָה,Rishonim/Rishonot,רִאשׁוֹנִים/רִאשׁוֹנוֹת
Frustrated,Mevutsal/Mevutsalet,מְבוּצָל/מְבוּצֶלֶת,Mevutsalim/Mevutsalot,מְבוּצָלִים/מְבוּצָלוֹת
Full,Ma-leh/Mele-ah,מָלֵא/מְלֵאָה,Meleim/Meleot,מְלֵאִים/מְלֵאוֹת
Fun,Kef/Kefit,כֵּיף,,
Grey,Afor/Afor-a,אָפוֹר/אֲפוֹרָה,Aforim/Aforot,אֲפוֹרִים/אֲפוֹרוֹת
Happy,Sameach/Smecha,שָׂמֵחַ/שְׂמֵחָה,Smechim/Smechot,שְׂמֵחִים/שְׂמֵחוֹת
Healthy,Ba-ri/Bri-a,בָּרִיא/בְּרִיאָה,Briim/Briot,בְּרִיאִים/בְּרִיאוֹת
Heavy,Kaved/Kveda,כָּבֵד/כְּבֵדָה,Kvedim/Kvedot,כְּבֵדִים/כְּבֵדוֹת
Hot,Cham/Cham-a,חַם/חַמָּה,Chamim/Chamot,חַמִּים/חַמּוֹת
Hungry,Raev/Re-eva,רָעֵב/רְעֵבָה,Re-evim/Re-evot,רְעֵבִים/רְעֵבוֹת
Important,Chashuv/Chashuva,חָשׁוּב/חֲשׁוּבָה,Chashuvim/Chashuv,חֲשׁוּבִים/חֲשׁוּבוֹת
Interesting,Me'anyen/Me'anyenet,מְעַנְיֵן/מְעַנְיֶנֶת,Meanyenim/Meanyenot,מְעַנְיְנִים/מְעַנְיְנוֹת
Last,Acharon/Acharona,אַחֲרוֹן/אַחֲרוֹנָה,Acharonim/Acharonot,אַחֲרוֹנִים/אַחֲרוֹנוֹת
Late,Meuchar/Meucheret,מְאוּחָר/מְאוּחֶרֶת,Meucharim/Meucharot,מְאוּחָרִים/מְאוּחָרוֹת
Long,Aroch/Aru-ka,אָרוֹךְ/אֲרוּכָּה,Aruchim/Aruchot,אֲרוּכִים/אֲרוּכוֹת
Looking Forward To,Mechakeh/Mechakaya,מְחַכֶּה/מְחַכָּה,Mechakim/Mechakot,מְחַכִּים/מְחַכּוֹת
Loud,Ra-ashan/Ra-ashanit,רַעֲשָׁן/רַעֲשָׁנִית,Ra-ashanim/Ra-ashaniyot,רַעֲשָׁנִים/רַעֲשָׁנִיּוֹת
Low,Namuch/Nemucha,נָמוּךְ/נְמוּכָה,Nemuchim/Nemuchot,נְמוּכִים/נְמוּכוֹת
Old (Growing),Zaken/Zkena,זָקֵן/זְקֵנָה,Zkenim/Zkenot,זְקֵנִים/זְקֵנוֹת
Old (No Grow),Yashan/Yeshana,יָשָׁן/יְשָׁנָה,Yeshanim/Yeshanot,יְשָׁנִים/יְשָׁנוֹת
Proud,Ge-e/Ge-a,גֵּאֶה/גֵּאָה,Ge-im/Go-ot,גֵּאִים/גֵּאוֹת
Quiet,Shaket/Shketa,שָׁקֵט/שְׁקֵטָה,Shketim/Shketot,שְׁקֵטִים/שְׁקֵטוֹת
Ready,Mu-chan/Mu-chan-ah,מוּכָן/מוּכָנָה,Muchanim/Muchanot,מוּכָנִים/מוּכָנוֹת
Sad,Atsuv/At-su-va,עָצוּב/עֲצוּבָה,Atzuvim/Atzuvot,עֲצוּבִים/עֲצוּבוֹת
Safe,Batuach/Btuha,בָּטוּחַ/בְּטוּחָה,Betuchim/Betuchot,בְּטוּחִים/בְּטוּחוֹת
Scared,Mefochad/Mefohedet,מְפֻחָד/מְפֻחֶדֶת,Mefochadim/Mefochadot,מְפֻחָדִים/מְפֻחָדוֹת
Short,Katzar/Ktzar-ah,קָצָר/קְצָרָה,Ktzarim/Ktzarot,קְצָרִים/קְצָרוֹת
Sick,Choleh/Chola,חוֹלֶה/חוֹלָה,Cholim/Cholot,חוֹלִים/חוֹלוֹת
Simple,Pashut/Pshuta,פָּשׁוּט/פְּשׁוּטָה,Pshutim/Pshutot,פְּשׁוּטִים/פְּשׁוּטוֹת
Slow,I-ti/I-tit,אִטִּי/אִטִּית,Itiim/Itiyot,אִטִּיִּים/אִטִּיּוֹת
So,Kol Kach,כָּל כָּךְ,,
Straight Ahead,Yashar,יָשָׁר,,
Strange/Weird,Muzar/Muzara,מוּזָר/מוּזָרָה,Muzarim/Muzarot,מוּזָרִים/מוּזָרוֹת
Strong,Chazak/Chazaka,חָזָק/חֲזָקָה,Chazakim/Chazakot,חֲזָקִים/חֲזָקוֹת
Stupid,Tipshi/Tipshit,טיפשי/טיפשית,Tipshiyim/Tipshiyot,טיפשיים/טיפשיות
Tall/High,Gavoa/Gvo-a,גָּבוֹהַּ/גְּבוֹהָה,Gvohim/Gvohot,גְּבוֹהִים/גְּבוֹהוֹת
Thirsty,Tzameh/Tzme-a,צָמֵא/צְמֵאָה,Tmeim/Tmeot,צְמֵאִים/צְמֵאוֹת
Tired,Ayef/Ayefa,עָיֵף/עֲיֵפָה,Ayefim/Ayefot,עֲיֵפִים/עֲיֵפוֹת
Upset,Rogez/Rogezet,רוֹגֵז/רוֹגֶזֶת,Rogzim/Rogzot,רוֹגְזִים/רוֹגְזוֹת
Vegan,Tivoni/Tivonit,טִבְעוֹנִי/טִבְעוֹנִית,Tivoniim/Tivoniyot,טִבְעוֹנִיִּים/טִבְעוֹנִיּוֹת
Vegetarian,Tzimchoni/Tzimchonit,צִמְחוֹנִי/צִמְחוֹנִית,Tzimchoniim/Tzimchoniyot,צִמְחוֹנִיִּים/צִמְחוֹנִיּוֹת
Weak,Chalash/Chalasha,חַלָּשׁ/חַלָּשָׁה,Chalashim/Chalashot,חַלָּשִׁים/חַלָּשׁוֹת
Wet,Ratuv/Retuva,רָטוּב/רְטוּבָה,Retuvim/Retuvot,רְטוּבִים/רְטוּבוֹת
Young (Growing),Tzayir/Tzayir-a,צָעִיר/צְעִירָה,Tzeirim/Tzeirot,צְעִירִים/צְעִירוֹת
Young (No Grow)/New,Chadash/Chadasha,חָדָשׁ/חֲדָשָׁה,Chadashim/Chadashot,חֲדָשִׁים/חֲדָשׁוֹת